0,AUS,AUT,BEL,CAN,CHL,COL,CZE,DNK,EST,FIN,FRA,DEU,GRC,HUN,ISL,IRL,ISR,ITA,JPN,KOR,LVA,LTU,LUX,MEX,NLD,NZL,NOR,POL,PRT,SVK,SVN,ESP,SWE,CHE,TUR,GBR,USA
1994-01,88.9,102.96,98.61,109.56,110.69,105.74,53.7,99.39,38.57,105.58,113.29,117.12,98.17,85.3,104.71,100.11,90.73,100.96,164.09,116.91,54.6,37.78,97.95,154.51,97.73,87.39,117.04,74.72,94.8,47.29,86.81,92.98,135.45,93.2,130.0,114.84,88.69
1994-02,90.27,102.43,99.22,105.86,110.39,108.46,53.48,98.62,40.13,106.83,112.75,117.28,96.55,84.33,103.9,98.47,90.68,101.01,170.65,116.33,57.31,38.55,98.37,153.66,97.33,87.47,116.36,73.67,94.76,47.35,86.49,93.34,136.92,93.46,115.08,113.1,88.19
1994-03,88.97,103.39,99.95,103.52,110.08,109.73,53.51,99.25,44.34,106.25,113.74,118.85,99.07,83.69,103.6,98.11,90.63,100.62,172.27,116.46,58.2,39.03,98.78,145.15,98.71,86.37,117.43,73.55,93.81,47.51,87.4,93.6,136.49,93.83,101.35,112.73,88.3
1994-04,89.2,102.75,99.68,101.87,111.84,110.76,53.74,98.98,45.06,106.7,112.71,118.29,99.1,84.46,103.59,98.83,91.72,103.65,174.85,115.6,59.07,38.57,98.59,143.5,98.31,85.52,116.98,74.21,94.37,47.49,88.19,94.31,137.48,93.23,77.27,112.87,88.21
1994-05,89.61,103.29,100.41,101.39,112.37,109.98,53.42,100.03,45.82,106.4,113.67,119.19,99.17,84.32,103.3,99.57,90.88,104.24,172.72,115.1,58.48,40.22,98.97,145.09,98.96,87.04,117.64,73.68,93.9,47.4,88.93,93.7,138.15,92.58,82.48,113.06,87.45
1994-06,90.17,103.6,100.94,100.89,112.99,111.49,53.93,100.54,46.32,105.94,114.36,119.83,98.66,83.67,103.23,99.97,90.04,102.87,172.35,114.96,59.24,40.39,99.13,142.85,99.22,87.67,118.56,73.92,93.94,47.17,90.04,94.02,134.69,93.99,89.54,113.17,87.14
1994-07,88.85,105.4,102.42,100.48,112.43,112.86,54.0,101.48,48.12,107.93,115.17,121.41,98.55,83.92,103.46,100.85,89.77,102.16,176.4,114.03,59.65,40.13,99.71,140.84,100.53,88.09,119.7,73.18,95.67,47.01,91.62,95.28,132.3,95.17,89.32,111.25,85.96
1994-08,89.23,106.04,102.54,100.44,112.88,113.85,54.14,101.1,48.47,108.9,115.09,121.71,98.68,79.55,103.21,100.2,90.12,100.54,173.22,114.54,60.36,40.83,99.73,141.71,100.78,88.11,119.32,73.15,96.38,47.58,92.31,95.23,132.14,95.62,86.44,111.04,85.73
1994-09,88.52,104.89,102.09,101.74,113.16,111.89,54.42,100.96,49.51,111.33,115.32,120.72,100.42,79.94,103.05,100.38,90.55,100.65,173.68,113.22,60.59,41.3,100.03,140.94,101.5,87.8,119.25,74.74,96.32,48.39,93.23,95.19,135.28,96.46,87.88,111.43,84.76
1994-10,87.44,105.06,102.16,101.43,113.16,110.86,54.72,101.87,50.22,116.86,115.88,120.97,100.97,81.01,102.33,101.63,90.81,100.63,173.81,112.23,62.24,42.5,100.47,140.3,102.05,88.39,120.22,75.37,96.5,48.83,94.57,95.51,138.15,96.87,93.91,112.56,84.08
1994-11,89.7,104.45,101.81,100.89,113.32,113.37,55.41,101.76,50.2,115.83,115.05,120.44,100.36,81.62,102.28,100.92,92.45,99.48,173.97,112.62,62.32,43.55,100.53,140.12,101.12,89.99,119.17,75.64,96.64,48.95,95.58,95.13,137.24,95.14,98.63,112.04,84.27
1994-12,93.26,104.03,101.5,99.81,117.93,116.41,55.72,101.1,50.19,114.08,114.17,120.12,101.01,82.04,101.97,100.45,93.96,98.07,170.57,114.41,62.56,45.18,100.43,122.87,100.31,92.81,118.83,76.15,96.42,49.21,95.45,94.37,136.0,94.05,102.03,111.94,86.12
1995-01,91.69,105.08,102.31,98.38,117.11,116.58,56.25,101.36,51.96,114.61,114.8,121.5,100.34,83.53,102.49,101.2,93.34,97.8,169.61,114.74,63.42,46.42,100.81,89.28,101.01,93.05,120.33,77.67,97.88,49.34,96.98,93.28,135.01,96.15,100.93,111.2,88.03
1995-02,88.96,105.54,103.07,99.06,114.69,118.88,56.63,102.16,53.55,115.54,115.05,123.03,99.67,84.29,103.12,100.5,92.47,96.44,170.38,114.16,64.99,47.47,101.18,91.85,102.1,92.38,120.95,77.67,98.55,49.18,98.31,93.82,135.04,96.91,101.37,109.99,87.25
1995-03,85.57,108.24,105.43,97.82,113.9,118.0,56.79,103.81,56.52,118.2,116.99,127.17,102.06,80.9,102.66,99.5,90.55,89.29,182.0,113.39,67.12,46.51,102.71,80.46,105.34,92.4,123.31,77.48,100.24,49.31,101.51,92.51,132.53,101.4,99.03,108.63,86.03
1995-04,83.59,108.27,105.74,98.8,116.45,116.71,56.99,105.8,57.1,118.82,118.06,126.9,103.03,78.76,102.27,100.58,90.0,86.42,193.97,111.98,69.11,46.25,102.84,93.37,105.47,93.23,122.28,77.8,99.88,49.14,101.96,94.26,129.13,102.27,101.65,107.21,82.62
1995-05,83.23,107.16,104.47,100.04,122.14,117.75,56.89,105.58,57.22,118.08,115.37,124.81,102.58,78.9,101.85,100.59,90.01,91.01,191.35,113.22,68.61,47.04,102.22,101.32,103.93,93.89,121.33,79.78,98.68,48.89,101.69,95.7,131.13,100.19,103.16,107.2,82.18
1995-06,82.32,107.17,104.48,98.53,123.69,118.97,57.03,105.37,57.5,117.6,116.02,124.52,103.03,77.57,101.9,100.65,90.34,91.52,191.26,112.42,67.58,46.08,102.23,99.92,103.55,94.12,121.88,81.32,98.07,48.32,101.59,96.28,130.59,100.35,106.03,106.81,82.23
1995-07,83.89,107.85,104.99,100.0,123.2,117.36,56.87,105.5,57.83,118.02,117.05,125.19,100.88,76.89,102.3,101.52,91.14,92.77,184.04,114.17,65.63,46.25,101.97,103.91,103.63,94.94,122.4,79.19,98.28,48.56,101.22,97.03,131.46,99.95,103.57,105.92,82.19
1995-08,88.13,107.1,103.62,100.89,124.36,114.26,56.82,104.42,56.48,118.42,116.99,122.81,100.16,76.37,101.94,101.37,91.74,95.65,170.97,116.75,63.8,46.93,100.84,104.93,102.17,94.06,121.7,78.81,98.5,48.95,99.4,96.57,133.48,99.2,102.62,107.1,84.25
1995-09,90.96,105.6,102.88,101.6,123.61,112.57,57.15,104.27,57.08,116.96,116.55,122.09,101.51,76.5,101.72,101.21,93.07,96.02,161.88,118.68,63.38,47.75,100.78,105.47,102.58,94.52,121.76,80.97,97.85,49.36,98.73,95.95,137.07,100.58,111.34,107.68,85.23
1995-10,90.93,106.39,104.0,101.41,119.92,110.33,57.52,105.26,59.22,117.28,116.8,123.63,101.72,76.3,101.71,101.22,93.45,94.98,159.48,118.2,63.2,47.92,101.8,100.28,103.88,94.51,122.23,81.14,98.32,49.39,98.12,96.67,140.94,102.42,114.46,106.99,85.23
1995-11,89.89,105.93,104.01,101.56,118.78,110.1,57.79,105.32,59.31,117.13,118.15,123.21,101.34,76.3,101.15,101.01,93.23,96.18,157.46,118.08,63.41,49.5,101.62,90.19,103.61,94.48,121.33,80.92,98.29,49.44,97.35,97.35,146.05,102.57,115.43,105.89,86.18
1995-12,89.75,105.28,103.39,100.26,120.29,112.82,57.91,104.45,60.08,115.42,117.4,122.61,102.13,76.36,100.93,100.83,92.65,97.39,158.02,118.96,64.32,51.15,101.26,93.41,102.63,94.56,120.4,81.79,97.47,49.62,95.88,97.95,146.24,101.68,111.13,105.82,86.37
1996-01,90.29,105.06,103.44,100.31,120.73,112.94,58.89,103.92,61.69,113.39,116.99,121.5,101.32,78.55,101.04,101.33,93.56,98.89,151.68,118.33,65.78,52.68,100.54,99.48,102.18,96.91,119.79,85.27,98.04,49.65,94.48,98.44,144.84,101.26,112.53,105.51,86.8
1996-02,91.71,104.71,103.13,99.4,120.18,114.97,58.97,104.02,63.82,110.98,116.31,121.71,100.24,78.86,100.96,100.89,94.75,99.97,150.54,119.47,66.54,53.8,100.22,100.73,102.08,98.35,120.28,85.18,97.99,49.5,93.67,98.25,141.43,99.85,109.76,106.23,86.78
1996-03,93.64,104.46,102.31,100.17,120.58,115.17,58.85,103.69,64.21,109.51,116.64,120.5,103.16,79.43,100.84,100.24,95.95,101.01,150.03,119.81,67.18,54.97,99.8,101.83,102.29,98.74,119.9,85.37,98.04,49.53,93.88,97.84,145.12,99.91,106.89,105.96,86.83
1996-04,95.73,103.5,101.32,100.52,122.39,116.55,59.05,102.69,64.83,107.02,116.35,118.7,104.58,79.77,100.86,100.75,95.81,101.95,148.45,120.58,67.36,56.05,99.3,106.1,101.4,98.65,119.53,86.38,98.48,49.63,94.43,98.09,146.78,98.6,107.93,106.17,86.68
1996-05,97.32,102.79,100.15,99.93,124.1,116.72,59.4,101.88,64.4,107.58,115.62,117.48,105.93,80.39,101.44,101.03,95.23,103.83,150.17,121.1,67.89,56.68,98.79,108.09,100.08,98.95,119.05,86.53,97.97,49.47,94.34,97.34,145.8,96.12,107.28,107.19,86.79
1996-06,97.13,103.04,100.14,100.26,123.66,117.51,59.53,101.91,64.58,109.17,115.41,117.87,106.56,80.35,101.07,101.92,95.69,104.9,146.29,119.02,68.56,56.65,98.78,108.17,99.51,98.22,119.48,85.79,97.89,49.16,94.47,96.24,147.38,95.84,107.77,109.09,87.1
1996-07,96.7,103.45,101.19,99.79,123.31,119.65,61.17,102.51,65.13,110.43,115.99,118.89,105.41,79.65,101.09,103.01,97.73,104.82,145.44,117.34,68.49,56.23,98.88,108.63,100.2,100.25,120.52,84.84,98.52,48.99,95.28,96.73,146.71,96.77,103.28,108.46,87.15
1996-08,95.32,103.7,102.0,99.13,122.89,122.41,62.11,103.16,65.36,111.98,115.31,119.59,104.64,78.82,101.69,102.77,98.46,104.63,146.15,116.37,68.3,55.94,99.26,111.25,100.66,99.98,120.43,84.15,99.38,49.13,95.7,97.16,145.38,98.76,101.96,107.81,86.53
1996-09,96.61,103.03,100.79,99.27,123.36,124.61,62.39,102.87,65.23,111.08,114.74,118.15,106.46,78.98,101.49,102.85,98.48,105.11,143.81,116.02,68.8,56.52,98.81,112.42,100.61,101.26,120.44,84.7,99.02,49.45,95.32,97.0,146.34,96.86,106.63,109.65,86.84
1996-10,96.79,102.82,100.09,100.8,123.51,129.47,61.81,102.26,64.87,110.94,114.8,116.87,107.4,79.26,101.39,103.41,97.67,105.45,141.04,115.75,69.38,56.82,98.34,110.99,99.78,102.6,120.72,85.07,99.26,49.49,94.43,96.3,147.75,95.31,111.21,112.03,87.38
1996-11,96.79,103.0,100.19,101.92,122.09,132.15,61.88,102.09,65.6,110.04,114.62,116.89,107.07,78.69,101.36,105.39,96.83,105.68,139.92,114.92,69.94,56.86,98.66,109.75,99.65,103.51,121.57,85.15,99.33,49.51,94.16,96.31,144.87,92.74,111.45,116.54,86.98
1996-12,97.64,102.35,99.28,100.32,122.48,133.36,62.08,101.14,65.34,109.59,113.7,115.97,107.18,78.41,101.14,106.06,97.63,106.44,138.72,114.51,70.62,58.23,97.92,114.07,98.29,103.24,121.27,86.23,98.77,49.49,94.1,95.54,142.25,90.23,109.11,118.53,87.49
1997-01,96.25,101.09,98.64,101.54,123.49,133.38,63.67,100.32,65.46,108.41,112.41,115.22,106.29,81.79,101.25,105.2,99.31,106.19,134.34,114.92,71.88,60.85,97.02,117.88,96.84,104.07,124.96,86.11,99.21,49.83,94.48,94.85,139.7,87.85,108.97,119.78,88.23
1997-02,96.58,100.53,97.29,101.73,128.4,132.79,64.31,98.97,65.27,107.05,111.37,113.75,105.14,82.69,101.17,105.41,100.68,103.76,129.37,115.39,72.39,62.97,96.62,120.7,95.74,104.08,125.82,89.04,98.48,50.85,94.57,93.06,136.71,86.52,110.82,120.76,89.73
1997-03,99.57,100.4,96.53,100.64,130.04,136.63,62.87,98.84,65.72,106.42,111.26,113.28,106.1,83.29,101.22,104.9,101.28,102.33,130.53,114.24,73.0,63.65,96.37,119.75,96.02,104.74,124.19,89.3,98.47,51.23,94.52,92.75,133.9,86.47,110.42,120.38,90.58
1997-04,98.31,99.95,95.88,98.86,129.29,139.04,61.83,98.67,66.61,105.82,110.68,112.23,105.62,83.15,102.01,103.86,101.27,102.59,129.85,113.05,73.28,63.98,96.1,121.9,95.56,104.27,121.16,89.18,98.24,51.74,95.44,92.66,134.36,86.82,112.14,122.95,90.79
1997-05,96.37,99.9,95.82,99.63,128.35,138.41,59.2,99.28,67.92,105.25,110.44,112.31,104.81,82.86,102.27,100.83,100.74,102.9,137.5,111.7,74.03,64.18,96.01,122.74,95.55,103.37,118.9,87.77,98.18,51.94,96.82,92.62,133.58,87.83,110.43,122.7,89.48
1997-06,93.17,99.33,95.32,99.24,128.8,138.8,57.83,98.5,67.75,105.01,109.39,111.24,105.11,83.13,102.84,100.64,100.26,102.8,142.7,111.55,74.9,64.71,95.73,122.71,94.12,103.04,117.16,87.84,97.19,52.44,96.9,91.93,132.96,87.46,110.84,124.3,89.17
1997-07,92.79,98.07,94.65,100.1,130.95,138.22,58.98,96.62,66.75,104.47,107.51,110.58,102.79,81.75,103.85,101.03,100.02,102.07,143.14,112.91,75.94,66.76,94.85,125.42,92.77,100.62,115.35,85.19,96.11,52.47,96.38,91.03,134.18,86.68,110.32,128.34,90.12
1997-08,94.33,97.74,94.4,99.7,133.52,137.13,59.75,96.66,66.86,103.03,107.41,109.92,102.57,81.36,104.32,100.18,102.55,101.24,141.96,114.76,76.43,68.29,94.65,128.52,92.66,99.14,115.02,85.25,95.97,53.17,95.1,90.93,134.35,86.94,109.7,126.33,91.66
1997-09,92.34,98.25,94.77,99.65,134.15,127.89,60.01,97.86,67.75,104.09,108.95,110.95,104.34,81.8,104.04,101.48,102.09,102.36,139.71,113.66,75.36,67.07,95.41,129.93,94.67,98.97,118.25,85.44,96.04,52.69,94.44,92.16,138.35,88.03,114.18,124.88,91.8
1997-10,92.47,99.07,95.35,99.57,135.84,124.51,60.68,98.35,68.59,105.09,109.88,111.59,105.56,81.61,103.21,100.07,102.05,102.85,140.99,111.9,75.44,66.34,95.98,129.55,95.53,99.3,120.95,86.03,96.02,53.31,94.24,92.56,139.17,88.29,120.46,126.21,92.27
1997-11,90.16,99.27,95.98,98.04,133.86,123.16,59.68,99.02,69.71,105.3,110.81,112.41,106.83,81.57,102.86,101.93,101.16,103.82,136.38,101.88,75.55,66.49,96.2,124.82,96.15,99.29,120.51,84.43,96.36,53.44,94.92,92.99,137.8,90.33,122.71,130.11,93.79
1997-12,89.93,99.42,95.88,98.19,134.05,126.2,58.76,98.93,70.23,105.2,110.93,112.95,108.17,82.32,104.57,101.67,103.3,103.75,137.71,73.4,76.01,68.28,95.97,130.68,96.03,98.0,120.59,87.18,96.53,53.61,95.49,93.17,137.29,90.7,123.72,131.89,96.76
1998-01,92.04,99.48,95.96,98.44,132.74,127.2,61.14,99.0,70.63,105.4,110.58,112.85,106.95,84.64,105.71,98.04,104.14,103.55,142.75,68.06,77.53,69.97,96.0,132.84,95.98,97.92,119.94,91.75,96.66,54.27,96.68,93.31,135.0,90.27,126.41,132.07,99.16
1998-02,92.53,99.0,95.58,98.21,132.57,128.11,62.54,98.78,71.19,104.4,110.23,112.09,105.69,84.67,105.66,96.96,102.61,102.88,143.57,70.91,77.73,69.98,95.61,129.89,95.71,96.4,118.68,92.43,96.22,53.91,97.11,92.64,132.58,90.31,123.44,131.4,97.66
1998-03,91.75,98.76,94.89,99.32,131.28,130.13,63.71,98.11,71.24,103.77,109.75,111.11,101.57,84.54,105.43,96.6,102.43,102.86,138.72,77.35,77.57,70.14,95.46,129.85,95.86,94.7,118.55,94.96,96.09,54.26,97.52,92.12,134.48,88.62,119.74,133.45,97.25
1998-04,89.1,98.98,95.18,97.99,130.55,133.15,63.94,97.98,71.42,103.99,109.93,111.26,99.29,84.47,105.78,97.84,100.0,102.64,134.02,83.17,77.39,69.94,95.11,131.86,96.09,91.92,118.27,95.84,96.58,54.27,98.98,92.11,136.47,87.06,119.89,134.22,97.07
1998-05,86.73,99.43,96.6,97.25,130.91,132.49,65.5,99.94,72.22,105.19,111.04,112.75,101.31,84.82,106.12,100.09,101.03,104.08,132.12,82.62,76.44,69.33,95.77,131.56,97.05,90.63,118.39,95.08,97.76,54.56,100.57,92.93,137.98,87.82,118.9,130.94,97.78
1998-06,85.01,99.38,96.61,96.54,132.05,135.34,64.85,100.15,72.43,105.77,111.21,113.17,103.64,83.75,107.29,100.55,102.33,104.36,128.71,84.17,77.1,69.61,95.71,128.6,96.76,88.63,118.14,94.51,97.89,54.25,100.62,93.08,135.21,87.82,121.18,133.51,99.92
1998-07,87.11,99.17,96.83,95.2,130.03,137.27,69.25,99.86,72.87,105.41,110.74,113.59,103.32,83.08,107.18,100.27,102.57,104.19,127.33,91.25,76.51,69.84,95.81,130.19,96.91,89.72,117.88,94.93,98.07,53.38,99.85,93.41,134.03,86.82,119.64,132.74,100.36
1998-08,83.59,99.68,96.94,92.47,129.42,136.25,68.31,100.92,73.69,106.72,111.4,114.11,102.72,81.41,106.78,101.12,102.05,104.85,123.75,90.9,76.68,70.13,96.25,125.1,97.6,88.3,116.52,91.52,98.36,52.96,100.03,94.06,131.22,88.34,119.25,132.53,102.11
1998-09,81.01,100.69,97.97,92.1,128.48,123.19,69.8,102.87,77.33,110.08,112.67,115.5,103.67,79.99,105.8,102.92,97.26,106.29,132.15,84.74,80.75,71.0,96.79,115.7,99.89,86.42,115.88,88.91,98.69,52.21,101.18,95.03,131.1,91.23,127.11,132.58,100.37
1998-10,82.09,101.26,98.58,89.95,128.38,116.13,70.93,104.11,78.44,111.05,113.19,115.78,104.05,79.91,105.62,103.47,89.39,106.91,145.16,83.63,81.45,69.52,97.18,116.41,100.66,85.46,114.76,89.24,99.33,49.38,101.94,95.39,128.35,92.81,133.17,129.37,97.38
1998-11,84.39,100.63,97.74,90.16,128.79,118.65,70.56,103.18,77.69,109.35,112.05,114.38,105.49,80.81,105.07,101.48,90.69,106.02,145.03,86.62,82.36,70.59,96.83,120.53,99.57,86.53,116.51,92.45,99.37,50.28,101.17,94.52,127.39,90.74,135.18,128.59,97.07
1998-12,81.84,100.85,97.8,89.49,126.03,122.39,69.59,103.33,78.66,110.02,112.29,114.81,106.16,81.0,104.97,101.31,91.42,106.16,147.76,91.7,83.56,71.02,96.81,124.35,99.53,84.58,113.9,91.42,99.71,50.25,101.05,94.76,125.54,91.88,132.1,129.01,96.16
1999-01,83.11,100.63,97.94,90.82,126.82,122.61,68.76,102.52,79.16,109.19,111.62,114.19,106.32,84.0,106.24,100.0,93.47,106.1,152.38,94.25,85.5,72.32,95.1,123.78,99.21,86.28,116.77,92.17,99.26,51.37,101.29,95.06,130.16,91.13,130.99,127.29,96.21
1999-02,85.31,100.05,97.14,92.66,125.82,127.29,64.49,102.33,78.32,107.95,110.88,113.21,105.44,84.56,106.23,98.9,94.56,105.38,148.27,94.91,86.31,74.16,96.3,128.46,98.54,87.94,115.42,88.91,98.78,51.55,100.71,94.41,131.28,90.85,129.61,128.47,97.24
1999-03,85.26,99.58,96.22,92.02,127.8,130.48,63.68,101.78,78.16,107.19,110.17,112.06,106.93,83.78,106.89,97.58,96.49,104.65,146.33,92.99,86.74,75.76,95.82,133.64,98.41,87.31,117.07,88.13,98.51,49.99,100.5,94.05,129.73,90.08,127.83,131.13,98.44
1999-04,86.61,98.78,95.63,93.62,129.49,128.3,63.27,101.0,77.76,106.73,109.31,111.38,106.04,84.38,106.8,96.73,96.08,103.78,146.37,94.49,87.03,76.51,95.54,138.25,97.48,88.54,118.84,88.51,98.36,49.42,99.55,93.53,128.8,88.87,128.92,131.27,98.13
1999-05,89.76,98.76,95.46,95.73,129.04,123.33,63.51,100.89,77.51,106.51,108.94,110.87,105.7,85.35,106.63,96.6,95.41,103.57,143.32,95.43,86.8,76.31,95.59,139.86,97.08,89.67,119.51,90.9,98.26,48.23,98.86,93.25,127.6,88.26,126.9,132.49,97.88
1999-06,89.64,97.86,94.5,95.6,125.97,120.93,64.05,100.17,76.64,105.15,108.0,109.84,105.09,85.26,108.1,95.65,97.17,102.65,144.92,97.43,87.45,77.17,95.16,139.07,95.67,86.98,119.29,92.31,97.96,48.58,97.52,92.67,128.56,87.88,129.7,132.36,98.44
1999-07,90.03,97.53,94.59,94.4,122.66,112.98,65.55,99.7,76.44,104.74,107.56,110.11,102.64,85.31,108.57,95.49,97.37,102.81,145.88,95.4,85.8,76.6,93.85,141.89,95.45,85.98,118.68,93.58,97.84,51.61,98.15,93.06,129.17,87.27,127.82,129.77,98.76
1999-08,87.2,97.85,94.84,93.56,122.81,108.72,66.04,100.71,76.63,105.39,108.16,110.65,102.43,84.91,109.15,96.55,93.97,103.39,153.6,94.05,85.75,75.19,95.57,141.64,96.44,85.18,117.39,90.3,97.76,52.48,99.1,93.75,129.73,88.33,124.83,130.49,97.64
1999-09,87.18,97.31,94.27,94.2,119.92,103.22,65.71,100.27,76.11,104.68,107.39,109.15,103.29,84.12,110.33,95.45,93.1,102.66,163.05,92.79,87.28,76.02,95.33,142.88,95.96,83.74,117.54,89.03,97.17,53.68,99.8,93.27,131.06,87.59,130.48,132.46,97.0
1999-10,86.94,98.06,94.71,94.02,116.79,103.09,65.44,100.83,76.57,105.44,107.85,109.44,103.01,84.12,112.34,96.13,92.27,103.43,163.66,92.36,87.84,74.33,95.8,139.89,96.44,81.78,117.72,87.99,97.6,54.19,100.12,93.45,130.37,88.39,136.75,133.24,96.6
1999-11,85.75,97.16,93.73,94.69,116.23,105.69,65.45,99.63,76.0,103.88,106.49,108.11,102.14,84.33,113.24,94.46,94.1,102.25,165.44,94.82,89.46,76.17,95.15,143.59,95.1,82.1,118.0,88.01,97.41,54.51,99.9,92.62,129.5,86.43,138.64,133.04,96.81
1999-12,86.21,97.0,93.02,94.26,117.42,109.34,65.43,98.5,75.84,102.95,105.76,106.92,101.35,84.2,113.68,94.15,95.34,101.11,168.5,97.81,90.68,77.16,94.82,144.93,93.53,81.45,118.03,91.73,96.86,55.2,99.33,92.14,128.75,85.83,138.35,133.81,96.71
2000-01,88.77,96.53,93.09,95.45,120.96,108.29,66.53,98.25,76.32,103.25,105.58,107.02,99.61,85.13,114.43,93.79,96.57,101.1,162.97,98.75,91.4,78.03,93.87,145.21,93.21,81.99,118.42,94.53,96.5,56.58,99.25,92.33,127.39,85.4,139.64,134.2,96.53
2000-02,86.16,96.36,92.51,95.88,124.14,109.53,66.67,97.77,75.46,102.87,104.6,105.65,97.84,84.8,114.95,93.27,98.47,100.39,156.39,100.25,92.1,79.54,94.46,147.59,92.73,79.95,117.8,96.37,95.7,58.19,98.82,91.71,127.76,84.91,141.57,133.74,97.92
2000-03,83.26,95.96,91.9,95.42,126.88,110.49,66.16,97.31,75.08,102.08,104.04,104.3,99.04,84.42,115.86,92.63,99.65,99.58,161.77,101.67,92.74,79.94,94.02,149.66,92.52,80.52,116.26,99.65,95.15,58.9,98.25,91.3,128.79,84.01,140.4,133.05,98.52
2000-04,81.48,95.44,91.32,94.73,127.14,110.18,64.39,96.55,74.52,101.4,103.12,103.32,98.34,84.05,117.23,91.98,99.64,98.82,164.01,101.89,94.15,80.88,93.91,149.11,91.75,82.09,114.76,97.96,95.7,58.94,97.96,91.04,129.43,84.96,141.53,135.22,98.98
2000-05,81.05,94.92,90.71,93.95,126.59,108.76,63.59,95.96,73.69,100.39,102.24,102.05,97.26,83.49,117.72,91.44,100.35,98.12,162.57,102.23,94.53,83.35,93.39,148.79,90.95,79.39,113.07,96.27,95.72,57.25,97.22,90.48,129.05,84.86,143.17,132.78,101.32
2000-06,83.48,96.18,92.22,94.99,123.11,104.13,65.64,97.45,74.59,102.1,103.85,103.99,97.92,84.61,114.83,94.29,99.27,99.66,163.77,101.7,92.34,80.84,94.46,143.38,92.3,78.38,114.65,95.43,96.76,57.65,97.13,91.63,129.74,86.15,142.63,129.0,100.54
2000-07,84.65,95.72,92.1,95.15,120.31,102.02,66.41,96.86,75.04,101.4,103.22,104.08,95.75,85.01,113.31,94.09,100.39,99.37,161.06,103.02,91.53,80.63,93.13,150.05,91.72,77.41,115.09,98.61,96.73,57.16,97.1,91.92,127.2,86.42,140.94,129.04,100.74
2000-08,85.18,94.96,90.85,94.94,119.76,101.68,66.25,95.44,74.17,100.23,102.01,102.11,94.58,84.1,112.82,92.59,102.39,98.11,162.07,104.07,92.34,82.22,93.73,153.9,90.68,75.61,114.62,99.94,95.99,56.78,96.34,91.33,125.51,84.84,139.83,130.17,101.28
2000-09,82.11,94.19,90.18,95.1,118.11,101.3,65.28,94.75,73.31,99.4,101.0,100.56,94.74,83.4,111.19,91.18,103.15,96.73,164.67,105.43,93.07,84.05,93.22,153.66,90.28,72.24,114.94,100.44,95.01,55.95,96.54,90.46,123.94,84.97,146.6,128.58,102.32
2000-10,79.02,94.06,89.34,93.84,119.5,103.95,65.49,94.66,73.57,98.72,100.12,99.62,94.89,83.28,110.99,90.67,103.02,96.42,163.58,105.15,93.42,85.24,93.23,152.14,89.8,70.91,114.63,99.47,94.97,55.21,96.29,90.19,121.63,85.24,154.37,131.85,103.89
2000-11,78.22,94.26,89.78,92.3,118.96,106.57,66.73,94.74,74.01,98.89,100.45,99.79,95.19,83.32,108.52,91.46,102.86,96.73,162.86,102.18,92.62,85.17,93.45,154.13,89.96,71.26,115.76,101.61,95.75,56.16,96.49,90.46,120.38,85.26,160.52,129.67,104.4
2000-12,81.24,95.3,90.77,93.19,117.92,103.63,67.06,95.92,75.08,100.52,101.85,102.53,97.16,84.53,106.7,93.67,101.63,98.36,157.1,97.43,90.29,82.31,94.3,156.15,91.05,75.42,115.48,103.48,96.74,55.77,96.86,91.76,121.94,87.21,159.87,129.42,103.28
2001-01,82.68,96.56,92.19,93.69,118.03,101.42,68.75,97.69,77.18,102.49,103.12,104.16,97.17,87.32,105.68,95.6,98.55,100.53,149.26,93.66,88.92,79.34,93.84,150.99,93.78,77.44,117.67,106.35,98.08,56.73,97.29,93.06,120.72,88.13,160.4,126.82,103.74
2001-02,80.3,96.04,91.89,92.83,119.85,103.49,69.29,97.88,76.74,102.24,102.65,103.87,96.47,87.68,105.82,95.54,99.15,100.18,149.77,95.97,89.13,80.18,94.45,151.65,93.79,76.42,118.15,108.4,97.67,57.53,97.26,92.82,119.26,86.94,140.52,126.04,104.58
2001-03,77.03,96.01,91.82,91.21,116.54,104.11,69.15,98.09,76.72,102.64,102.9,103.65,98.42,87.94,105.4,95.88,99.4,100.11,144.39,95.3,89.37,81.3,94.44,154.98,94.5,75.33,119.0,110.68,97.88,57.74,97.85,93.04,117.75,86.79,118.76,127.24,106.29
2001-04,77.46,95.89,91.86,91.75,115.8,103.72,68.78,97.58,76.49,102.1,102.55,103.13,98.77,87.62,101.08,95.65,100.79,99.74,142.62,93.74,89.61,82.17,94.0,160.31,94.22,73.99,118.98,113.95,97.8,57.94,97.7,92.88,117.89,86.6,105.95,128.31,107.07
2001-05,80.41,95.09,91.27,93.21,115.46,103.08,68.75,96.73,75.98,101.26,101.89,101.89,97.83,90.27,95.55,94.58,102.11,98.6,145.0,95.58,90.82,83.0,93.67,163.55,93.18,76.38,119.69,117.41,97.71,58.06,97.38,92.19,117.59,85.57,118.94,129.17,106.92
2001-06,80.83,94.55,90.79,94.45,114.42,105.72,69.85,96.11,75.69,100.49,101.14,100.99,96.99,93.83,95.01,94.02,102.91,98.06,145.25,96.77,92.09,84.7,93.51,165.12,92.02,75.74,119.92,119.86,97.49,58.25,96.87,91.96,114.4,85.57,118.99,128.94,107.71
2001-07,79.88,94.89,91.24,94.34,107.6,106.35,71.31,96.82,76.57,100.47,101.52,101.98,95.89,93.99,98.14,94.53,102.66,98.84,142.37,97.0,91.51,84.12,92.89,164.14,92.55,75.27,118.85,112.52,97.91,58.75,97.03,92.65,114.18,86.63,109.17,129.28,108.02
2001-08,80.45,95.7,92.37,93.03,104.1,106.11,71.68,98.13,77.44,102.42,102.89,103.37,97.04,94.25,99.02,96.69,100.1,100.28,144.1,97.15,89.71,82.3,94.69,164.5,94.28,77.75,119.06,107.15,98.4,58.48,97.55,93.84,115.73,87.43,100.65,128.16,106.16
2001-09,77.23,96.04,92.7,91.21,103.69,104.51,70.77,98.77,77.64,103.45,103.15,103.49,98.94,92.89,97.01,97.22,97.16,100.39,146.64,95.42,90.22,81.29,94.74,160.35,95.56,75.75,121.0,106.9,98.35,58.1,98.29,93.87,112.3,89.01,102.57,129.66,106.59
2001-10,78.1,96.11,92.59,90.82,100.43,105.61,71.93,98.84,77.53,103.19,103.25,103.25,99.2,93.31,95.74,97.63,98.1,100.54,144.34,95.64,90.46,81.66,94.93,162.94,95.53,75.67,120.88,110.06,98.78,57.8,98.36,93.76,113.08,89.61,103.65,129.02,106.87
2001-11,80.95,95.52,92.14,88.92,103.06,106.21,72.06,97.67,77.0,101.78,102.22,101.99,98.51,94.18,92.93,96.79,100.06,99.89,142.9,97.23,90.99,82.5,94.78,166.49,94.7,76.17,121.01,112.88,99.09,58.15,98.47,93.16,114.12,89.84,117.33,128.88,107.38
2001-12,81.28,95.34,91.96,90.34,105.3,106.5,73.61,97.96,77.16,101.91,102.34,103.28,99.39,95.69,95.3,97.63,99.29,99.9,137.42,97.78,90.43,82.1,94.51,168.28,94.55,76.59,120.41,114.36,99.09,57.95,98.4,93.4,114.08,89.37,124.84,129.21,106.95
2002-01,82.5,95.22,92.15,89.33,105.81,109.12,75.63,97.62,77.53,101.6,102.33,102.49,98.53,97.9,98.89,97.05,94.66,99.73,131.53,97.03,89.98,83.06,93.34,170.11,94.76,78.68,120.9,114.45,98.93,59.16,99.43,92.79,115.84,89.16,139.44,128.73,108.06
2002-02,82.32,94.65,91.68,90.04,108.11,111.18,75.89,97.74,77.4,100.96,101.77,102.13,96.77,98.35,100.45,96.72,93.28,99.47,129.68,97.34,89.7,84.27,94.06,171.45,94.54,78.14,122.28,112.28,98.37,59.44,98.46,92.45,115.86,88.39,143.14,128.93,108.74
2002-03,83.66,94.51,91.63,90.6,111.04,111.39,76.53,97.87,77.29,101.1,101.96,102.13,99.0,98.24,100.68,97.44,92.73,99.47,132.08,97.03,89.97,83.44,93.83,171.82,95.21,80.0,123.15,112.72,98.36,59.63,98.48,92.99,118.05,88.69,141.18,128.18,108.48
2002-04,84.77,94.67,91.49,90.9,112.95,112.37,79.01,97.94,77.92,101.39,102.14,101.64,99.53,99.79,102.51,98.22,90.46,99.5,131.66,97.46,89.25,83.13,94.02,169.83,95.58,81.37,124.67,113.67,98.68,59.87,99.21,94.07,117.2,89.4,146.92,128.84,108.24
2002-05,85.51,95.58,92.35,92.48,112.09,110.35,78.92,98.73,78.66,102.63,103.1,102.85,100.22,100.44,105.69,100.18,88.22,100.69,134.85,100.86,88.13,83.64,94.57,162.82,96.5,83.26,127.85,110.49,99.68,58.5,99.44,95.03,117.42,90.84,134.95,127.5,106.72
2002-06,87.07,96.44,93.2,93.32,108.38,108.08,80.2,99.88,79.43,103.72,104.47,104.54,101.27,101.72,106.21,102.26,87.19,102.23,136.45,102.79,86.55,84.48,95.32,158.44,97.59,86.64,131.34,107.2,100.72,56.93,99.49,96.06,120.28,91.09,122.89,126.3,105.5
2002-07,83.5,96.93,94.31,92.42,104.34,101.09,83.06,100.84,80.06,104.96,105.52,106.04,100.43,100.99,107.87,102.95,90.31,103.61,140.47,104.09,85.46,85.43,94.94,157.77,98.5,84.34,132.85,101.24,101.56,56.79,100.3,96.1,119.22,92.26,109.72,128.9,104.08
2002-08,82.45,97.02,93.85,91.41,104.83,96.51,79.8,100.66,79.44,104.51,105.33,105.43,100.2,100.99,107.72,102.91,91.37,103.34,140.64,103.97,85.49,84.74,95.7,157.73,98.42,82.23,131.38,100.72,101.36,57.92,99.98,96.05,119.1,91.77,112.25,129.12,105.31
2002-09,83.29,96.65,93.89,91.03,102.56,93.41,80.77,100.76,79.26,104.54,105.3,105.16,101.85,101.97,105.85,103.23,89.56,103.29,138.4,103.63,85.65,83.9,95.76,154.97,99.4,83.37,132.87,101.03,101.04,59.25,99.99,96.22,120.79,91.72,117.67,130.52,105.81
2002-10,84.22,97.03,93.77,91.14,102.63,92.31,79.09,100.79,79.55,104.82,105.41,104.97,102.34,102.61,106.02,103.8,89.58,103.5,134.89,101.51,85.45,84.23,96.1,155.64,99.23,85.78,133.58,101.91,101.47,60.96,100.1,97.15,121.98,92.27,124.84,130.81,106.57
2002-11,85.02,96.98,94.03,91.36,105.16,95.02,78.9,101.08,79.64,104.87,105.73,104.81,102.46,105.13,106.05,104.69,89.78,104.13,136.24,102.86,84.87,84.37,96.42,154.39,99.35,87.48,134.89,104.28,102.31,61.43,99.86,97.46,122.34,92.27,132.25,129.77,105.22
2002-12,85.17,97.3,94.23,91.63,105.08,91.99,77.91,101.23,79.59,105.15,106.11,106.22,103.36,106.36,107.79,106.05,88.63,104.4,134.86,103.05,84.52,84.74,96.23,154.38,99.28,89.45,136.7,103.63,102.37,61.52,99.99,97.86,122.55,92.38,131.87,129.66,104.29
2003-01,86.72,98.07,95.57,92.63,99.39,88.55,78.28,102.31,81.04,106.31,107.35,107.34,103.67,106.85,110.13,107.49,84.28,105.86,135.69,104.27,83.61,85.3,95.79,147.46,100.75,92.5,140.79,102.72,103.06,65.26,100.93,98.12,123.23,93.96,127.2,127.43,102.92
2003-02,88.27,97.85,96.23,94.52,96.6,87.89,78.22,103.55,81.19,107.15,108.21,108.34,103.87,105.73,111.14,109.04,83.31,106.09,133.74,103.2,83.3,85.11,96.83,142.53,101.6,93.93,137.06,100.46,102.94,65.11,101.07,98.3,125.15,93.92,129.79,125.72,103.25
2003-03,89.14,98.17,96.34,96.75,97.13,87.85,77.74,104.48,81.4,107.49,108.56,108.26,106.23,106.33,111.5,109.92,84.56,106.33,134.92,100.18,83.51,85.5,96.93,142.66,102.6,93.49,130.79,96.6,102.77,65.78,101.43,98.91,124.74,93.9,129.06,123.49,103.11
2003-04,89.95,98.09,96.09,96.94,98.85,88.86,78.2,104.32,81.2,107.26,108.4,107.92,106.3,106.31,112.66,110.45,87.12,106.56,133.36,100.08,83.26,85.4,96.99,147.07,102.76,92.59,129.97,97.61,103.36,66.98,101.64,99.68,125.24,92.29,133.18,122.54,102.1
2003-05,93.36,99.2,97.4,101.58,97.58,89.4,79.93,105.96,82.11,109.3,110.13,109.77,108.3,108.23,113.35,113.51,86.62,108.65,134.1,100.57,81.36,86.43,97.88,149.73,104.84,93.82,130.75,98.04,104.85,67.45,102.58,100.85,127.49,92.76,140.52,120.93,98.46
2003-06,95.8,99.53,97.73,103.7,96.5,90.17,80.06,106.19,81.88,109.39,110.44,110.61,108.17,102.22,111.26,113.71,87.56,108.86,132.29,101.0,81.51,86.62,97.78,146.03,104.5,94.06,125.93,95.86,104.8,67.19,102.56,100.92,128.09,91.36,145.96,123.07,98.45
2003-07,96.39,99.16,97.38,102.13,98.17,89.46,78.68,105.06,81.74,108.04,109.66,110.0,105.32,101.0,108.96,111.86,88.11,108.35,132.45,102.77,82.05,85.58,96.69,147.42,103.84,95.74,123.09,95.12,104.35,66.59,102.47,99.82,126.05,89.6,150.71,122.14,99.52
2003-08,95.43,98.93,96.95,101.18,99.04,90.21,76.96,104.39,81.29,107.4,109.08,109.02,104.46,101.66,106.65,111.35,87.27,107.8,132.98,103.71,81.82,84.48,97.56,143.54,103.3,95.81,123.13,95.68,103.88,66.84,101.43,99.69,124.29,89.53,152.89,121.7,100.87
2003-09,95.83,98.77,96.84,103.03,102.1,90.21,76.19,104.44,81.08,107.21,109.1,108.55,105.94,103.49,106.87,111.05,85.71,107.55,136.27,104.41,82.18,83.97,97.7,141.31,103.94,94.88,123.72,93.69,103.69,67.85,101.35,99.59,126.95,88.84,156.12,122.03,99.77
2003-10,98.34,99.09,97.21,105.2,104.48,87.9,77.55,104.82,81.64,108.02,110.16,109.6,107.19,104.88,107.8,112.44,84.14,108.5,140.96,102.04,81.96,84.7,97.97,137.5,104.64,95.23,124.04,91.99,104.46,68.46,101.9,100.82,128.98,90.0,146.29,123.43,97.48
2003-11,101.46,99.28,97.37,106.55,107.6,89.03,77.95,104.88,81.39,107.78,110.21,109.22,107.41,104.04,108.37,112.35,83.22,108.74,140.39,99.99,82.46,84.98,98.17,139.13,104.32,98.92,124.56,91.76,104.66,68.9,101.79,101.09,128.82,89.21,143.91,124.09,96.78
2003-12,103.05,99.98,98.28,105.96,109.6,89.74,77.82,105.63,81.97,109.31,111.48,111.7,108.94,103.04,108.65,114.83,82.91,109.99,140.46,98.48,81.02,85.63,98.63,137.45,104.99,99.74,125.3,91.83,105.16,69.3,102.04,102.04,130.15,90.65,143.56,124.82,95.11
2004-01,106.19,100.36,98.94,106.37,112.95,90.91,78.58,106.21,82.71,109.5,111.89,112.1,108.47,105.93,112.16,114.86,80.68,110.51,140.04,98.38,81.16,85.71,98.01,141.14,105.45,101.51,120.73,91.45,105.47,73.08,102.08,101.48,129.05,90.21,150.28,126.91,93.75
2004-02,106.96,100.33,98.91,103.39,110.75,92.97,78.29,106.77,82.73,109.83,112.0,112.06,107.69,107.48,112.77,115.14,79.69,110.42,139.1,100.02,81.7,85.35,98.93,139.99,105.57,104.04,118.14,88.52,105.01,73.82,101.81,101.16,127.9,89.53,152.22,129.95,94.42
2004-03,104.25,99.69,97.86,103.65,107.99,95.78,76.96,105.74,82.03,107.85,111.07,110.82,108.99,110.75,111.21,113.81,79.48,109.32,137.38,101.76,82.98,84.71,98.26,140.65,105.08,100.93,120.46,89.42,104.31,73.56,101.29,100.82,126.06,88.75,157.21,129.04,95.67
2004-04,103.56,98.83,97.36,102.94,107.64,97.41,77.22,104.62,81.79,106.54,110.08,109.65,108.16,111.06,109.84,112.4,79.99,108.38,138.32,102.73,83.94,84.24,97.85,137.36,104.07,98.28,122.67,89.22,104.2,73.42,101.04,101.3,125.33,89.06,154.46,128.85,96.37
2004-05,99.34,99.33,97.91,101.05,104.55,95.71,78.97,105.16,83.45,106.85,110.69,110.18,109.06,111.08,110.17,113.06,79.96,108.9,133.74,101.63,83.96,85.42,97.93,134.26,104.51,96.68,124.31,90.9,104.82,73.43,101.6,102.06,126.41,90.38,139.69,128.41,98.26
2004-06,97.09,99.52,97.87,102.04,103.2,95.82,79.9,105.01,83.79,106.87,110.72,110.09,108.72,111.0,111.72,113.7,80.42,109.07,136.69,102.47,84.24,85.28,98.14,135.24,103.87,98.54,123.17,94.34,104.97,73.85,101.47,102.2,125.64,91.81,139.87,130.0,97.59
2004-07,99.67,99.33,98.46,104.7,104.45,97.65,80.56,105.02,83.74,107.1,110.8,110.49,106.93,112.73,111.54,113.8,80.27,109.39,135.74,102.74,84.04,85.25,97.21,134.32,103.98,100.47,120.73,97.21,105.06,74.04,101.69,101.57,125.21,90.67,143.4,129.82,96.68
2004-08,99.3,99.54,98.3,105.13,104.26,99.54,80.12,104.46,83.45,107.09,110.74,110.31,106.34,112.54,112.1,114.26,79.97,109.36,134.57,104.01,83.97,84.7,98.16,136.09,104.05,102.29,122.23,97.35,104.4,73.42,100.92,101.79,124.8,90.05,142.8,129.01,96.74
2004-09,97.91,99.57,98.35,106.95,106.66,100.89,79.4,104.88,83.3,107.29,110.84,109.92,108.42,113.05,111.65,114.48,80.31,109.29,134.77,104.23,83.78,85.04,98.31,135.5,104.97,103.12,122.18,98.82,104.27,73.58,100.95,101.98,126.93,89.74,141.0,126.7,96.19
2004-10,101.01,100.11,99.05,109.8,107.13,98.59,80.07,105.29,83.61,107.83,111.3,110.25,109.43,114.07,112.65,115.29,79.63,109.41,135.6,103.59,83.03,85.08,98.62,136.16,105.32,105.16,124.46,100.7,104.73,73.59,101.15,103.16,127.84,90.77,142.79,125.38,95.04
2004-11,104.11,100.39,99.54,114.07,106.92,99.04,80.97,105.69,84.37,108.01,112.05,110.79,109.95,115.4,114.23,116.91,78.61,110.05,138.13,106.06,82.19,85.51,99.14,136.21,105.82,104.97,126.65,102.9,105.53,74.44,102.01,103.86,128.84,92.86,143.87,125.34,92.4
2004-12,102.63,100.84,99.52,111.34,108.46,102.83,82.78,105.67,84.63,108.48,112.6,112.72,110.54,115.31,119.48,118.02,78.39,110.63,136.97,108.79,81.07,85.23,98.98,138.05,105.37,106.32,125.67,106.1,105.65,75.27,101.34,103.89,129.65,92.24,145.77,127.59,90.9
2005-01,103.03,100.71,99.45,110.79,108.78,105.98,84.05,105.02,84.17,107.37,111.41,110.9,110.17,115.24,121.89,116.19,77.89,109.97,137.34,111.43,80.44,84.76,98.02,137.35,105.07,105.14,125.08,107.25,105.2,76.69,100.45,102.64,127.42,90.71,153.11,125.31,91.59
2005-02,104.91,100.03,99.27,109.21,107.83,107.3,84.49,105.15,83.96,107.11,111.1,110.14,107.82,115.93,123.46,116.03,77.92,109.24,133.68,113.21,80.57,84.06,98.85,138.6,104.71,106.12,122.53,108.7,104.45,77.25,100.32,102.03,126.41,89.93,157.55,126.13,91.77
2005-03,104.89,100.35,99.8,111.06,105.51,106.84,84.76,105.56,84.35,107.42,111.77,110.75,110.15,116.0,126.68,116.42,77.66,109.52,132.8,115.04,80.78,84.24,98.7,138.04,105.76,107.75,125.05,107.81,104.44,76.58,101.06,102.75,126.37,90.1,155.17,126.16,91.68
2005-04,104.13,99.81,99.41,109.48,107.55,107.25,83.34,105.32,84.44,106.81,111.22,109.54,110.37,114.55,123.64,115.7,77.84,108.97,130.79,115.57,81.49,84.38,98.69,138.8,105.18,107.52,125.06,103.73,104.39,74.78,100.92,103.7,124.43,90.13,152.59,127.24,92.94
2005-05,103.77,99.54,98.93,108.02,108.11,107.96,82.69,104.71,84.19,105.57,110.52,108.95,109.95,112.7,119.64,115.09,78.47,108.53,132.12,116.57,81.71,84.22,98.41,140.49,104.25,108.13,126.2,102.92,104.33,74.91,100.92,103.26,123.19,89.45,154.91,126.41,93.19
2005-06,105.94,98.88,98.09,110.11,108.51,109.55,82.77,103.51,84.03,104.19,109.24,107.42,108.57,112.98,123.39,113.31,78.06,107.11,130.72,116.79,81.44,83.4,97.7,143.21,102.34,108.35,127.69,104.43,103.54,75.29,100.31,102.42,120.48,88.29,160.55,127.23,94.3
2005-07,105.23,98.4,98.6,111.91,111.2,109.85,82.6,103.44,84.49,103.72,108.89,107.86,107.13,114.1,125.05,113.2,77.93,107.34,127.02,115.05,81.46,83.27,96.95,145.5,101.95,105.16,127.36,103.24,103.93,74.32,100.92,101.64,117.96,86.66,163.68,123.55,94.92
2005-08,105.21,98.48,98.72,112.97,115.91,109.37,84.2,103.34,84.64,104.25,109.36,108.05,106.61,114.41,125.5,113.95,77.8,107.55,126.91,115.62,81.25,83.25,98.18,144.22,102.56,106.53,127.47,104.49,103.9,74.47,100.2,102.06,119.38,87.18,161.21,124.54,93.94
2005-09,105.59,98.37,98.17,115.51,118.43,109.63,84.14,103.24,84.7,104.03,109.11,107.35,108.35,113.16,129.91,114.03,76.83,106.81,126.3,114.86,81.83,83.2,98.0,142.2,102.85,106.98,129.14,107.61,103.5,74.68,100.78,102.13,119.24,87.09,162.76,125.32,94.5
2005-10,105.0,98.22,97.62,115.46,120.05,110.5,83.5,102.77,84.47,103.45,108.54,106.81,108.63,109.98,135.16,113.39,76.71,106.55,122.57,113.89,82.22,83.47,98.37,142.2,102.21,108.13,128.41,107.38,103.53,74.48,100.72,102.6,117.71,87.37,165.66,123.91,95.6
2005-11,103.74,97.82,97.39,115.67,121.88,111.7,84.36,102.35,84.33,102.95,107.98,106.12,108.05,110.34,135.48,112.77,76.41,106.3,119.18,115.43,82.45,83.43,97.99,146.74,101.55,108.64,128.51,105.59,103.8,74.78,100.14,102.48,115.41,87.1,170.47,123.84,95.56
2005-12,104.27,97.9,97.25,117.65,124.82,111.65,84.86,102.27,83.95,102.74,107.95,106.82,108.33,109.22,131.45,112.64,77.37,106.09,118.46,117.34,82.0,83.15,97.62,148.19,100.84,108.84,125.57,108.4,103.72,76.16,99.79,102.53,116.94,86.7,170.78,123.99,94.38
2006-01,103.71,97.85,97.55,117.27,120.65,110.95,87.1,102.12,84.61,102.44,108.1,106.49,108.26,110.36,133.99,112.86,75.77,106.53,119.5,120.57,82.79,83.39,97.35,148.31,100.71,106.0,124.55,109.73,103.63,78.33,99.05,102.32,117.97,86.77,171.13,122.5,93.5
2006-02,103.28,97.28,97.21,117.89,119.74,111.92,87.47,102.32,84.35,102.27,107.68,106.07,106.04,109.35,129.08,113.08,75.03,105.86,116.36,122.81,82.46,82.72,98.38,149.29,100.19,104.48,124.32,109.65,103.26,78.4,98.78,101.61,117.18,85.87,173.35,122.45,93.65
2006-03,101.63,97.67,97.22,117.29,119.34,112.29,86.75,102.75,84.44,102.68,108.12,106.32,108.59,106.04,119.51,113.88,75.1,106.24,117.04,122.61,82.74,83.06,98.57,145.23,101.17,98.94,125.98,106.98,104.4,78.46,99.61,102.41,117.24,85.12,171.21,121.52,94.22
2006-04,102.19,98.05,97.61,118.09,121.12,108.18,87.08,102.99,84.86,103.15,108.51,106.79,109.22,104.73,110.55,115.15,76.36,106.5,115.83,124.12,83.01,83.48,98.63,140.08,101.7,96.11,129.05,106.52,104.46,78.75,100.16,103.79,118.51,85.5,169.93,121.39,93.95
2006-05,104.33,98.42,98.42,121.02,118.63,103.57,88.48,103.6,85.44,103.96,109.54,107.46,109.96,107.46,112.38,116.36,76.33,107.5,119.89,123.18,84.05,83.93,99.02,136.97,102.52,95.43,130.29,108.07,105.03,78.69,100.96,104.58,119.31,87.27,155.88,125.48,92.28
2006-06,102.62,98.69,98.49,120.88,115.93,99.92,88.61,103.97,85.77,104.11,109.72,108.11,110.23,104.02,110.24,116.64,77.23,107.88,117.88,122.69,84.38,84.35,99.1,134.05,102.26,95.25,129.21,104.41,105.06,78.0,100.87,104.97,120.82,87.15,141.6,125.42,93.73
2006-07,104.53,98.5,98.8,119.07,116.35,100.7,88.96,103.79,86.19,103.84,109.51,108.55,109.44,102.4,111.21,117.06,77.81,108.18,116.12,123.6,84.74,84.59,98.16,139.07,102.01,94.89,127.53,105.33,104.9,77.46,100.57,104.29,121.01,86.14,146.93,125.16,93.7
2006-08,105.47,98.66,98.72,119.64,116.17,105.62,89.77,103.58,86.69,104.19,109.7,107.99,108.41,103.36,116.6,117.55,78.1,108.16,115.99,122.15,84.27,84.22,99.19,140.57,102.46,96.61,126.46,107.95,104.52,78.71,100.96,104.27,121.0,85.71,153.26,127.89,93.01
2006-09,104.58,98.45,98.32,119.7,116.35,105.68,88.36,103.81,86.3,104.12,109.35,107.43,109.97,105.78,118.35,117.85,78.17,107.96,114.83,123.81,84.9,84.13,99.17,141.09,102.73,100.05,123.88,106.31,105.0,78.91,101.42,103.99,120.84,85.02,154.18,128.1,92.63
2006-10,104.63,98.3,97.86,118.62,117.99,107.31,87.75,103.43,85.88,104.08,108.74,107.16,110.21,108.84,122.34,117.35,79.4,107.47,113.28,123.64,85.0,84.67,98.82,143.41,102.11,101.47,121.55,107.77,104.82,80.29,100.29,104.15,120.69,84.7,157.27,128.26,92.43
2006-11,105.75,98.3,98.31,117.55,117.27,110.09,88.6,103.28,86.38,104.17,109.08,107.31,110.16,112.65,118.79,118.47,77.96,107.7,112.68,124.04,85.44,85.12,98.98,143.33,102.22,101.1,123.65,109.97,104.97,82.66,100.38,104.53,123.09,84.82,158.58,128.79,91.31
2006-12,105.74,98.35,98.54,115.29,115.69,110.56,89.49,103.46,86.56,104.44,109.47,108.53,110.67,114.96,115.83,119.44,78.36,107.86,111.18,124.1,85.5,85.16,99.03,143.87,102.03,103.11,124.49,110.01,105.1,84.63,100.57,104.82,124.15,84.8,158.06,130.31,90.24
2007-01,106.01,98.24,98.26,113.02,113.9,113.09,90.13,103.1,87.12,103.78,108.7,108.06,110.0,116.32,116.83,118.49,78.35,107.55,108.22,123.7,86.49,84.93,98.33,143.73,101.66,104.53,121.15,108.37,104.81,85.71,99.79,103.81,122.88,83.04,162.33,130.65,91.44
2007-02,105.34,98.1,98.55,113.61,112.34,113.99,88.83,103.94,86.92,104.2,108.63,108.2,108.27,117.76,120.97,119.31,77.83,107.62,106.54,123.64,86.3,84.91,99.43,142.59,101.84,103.94,124.28,107.96,104.55,86.39,99.26,103.6,121.57,82.75,165.05,130.09,91.22
2007-03,106.0,98.39,98.44,113.8,112.58,115.8,89.48,104.44,87.67,104.95,109.05,108.37,110.71,120.05,119.56,120.47,77.32,107.67,109.24,122.25,86.19,85.22,99.61,139.97,103.02,103.88,124.29,108.5,105.56,87.92,100.04,104.3,120.75,83.12,162.88,128.19,91.31
2007-04,109.75,98.63,98.65,116.65,112.8,118.4,89.98,104.21,87.82,105.37,109.4,108.78,111.14,122.16,120.82,121.53,78.72,107.57,106.57,123.17,87.19,85.5,99.56,140.06,103.52,107.66,124.23,110.79,105.96,88.59,100.68,105.53,121.97,82.68,167.23,128.62,90.37
2007-05,109.55,98.78,98.21,120.74,114.86,125.73,89.27,104.08,88.18,104.9,109.35,108.37,111.06,121.4,125.63,121.67,79.8,107.5,104.47,123.26,88.28,85.54,99.57,140.49,103.26,107.31,123.61,111.94,105.83,87.77,101.53,105.52,121.79,81.87,170.46,127.93,89.99
2007-06,112.18,98.54,97.92,123.78,114.57,131.17,88.23,103.76,88.41,104.75,109.08,108.12,110.58,120.55,127.41,121.25,76.86,107.34,102.38,123.26,88.91,85.53,99.53,140.09,102.41,110.49,124.47,110.85,105.5,87.21,101.73,105.37,119.87,81.47,172.28,128.84,89.89
2007-07,113.93,98.47,98.57,124.79,115.84,128.03,89.46,103.51,89.19,104.69,109.0,108.93,109.81,122.5,129.9,122.26,75.47,107.77,101.65,123.35,89.61,85.92,98.52,140.17,102.12,112.89,126.29,111.92,105.45,88.79,101.72,104.72,121.99,81.23,173.06,128.87,88.51
2007-08,109.11,98.23,98.21,123.68,116.92,121.9,91.27,103.21,89.27,104.66,109.22,108.52,108.74,118.12,121.61,122.39,76.68,107.74,106.9,120.53,89.86,86.29,99.64,137.77,102.03,104.99,125.53,109.94,104.81,87.98,101.87,104.68,119.93,81.83,169.2,128.32,88.47
2007-09,110.21,98.37,98.4,126.72,117.86,117.16,91.82,103.68,89.9,105.15,109.51,108.79,110.89,119.76,123.23,123.46,77.88,107.82,107.27,120.36,90.6,87.18,99.77,137.82,102.88,102.81,128.62,111.37,105.22,87.5,102.03,105.09,121.59,81.53,174.99,126.5,87.2
2007-10,115.47,98.93,98.89,131.86,119.44,121.5,92.93,103.68,90.36,105.22,109.68,108.91,111.48,121.54,127.01,124.14,77.75,107.96,104.61,120.67,91.8,87.9,100.13,139.45,102.91,106.59,130.88,114.23,105.32,88.18,102.23,106.34,123.49,81.04,182.84,125.7,85.32
2007-11,113.38,99.13,99.99,132.19,116.65,117.46,95.93,104.56,91.44,105.85,110.44,109.78,112.36,120.59,123.99,125.65,78.39,108.51,107.5,117.5,93.08,88.53,100.31,137.89,103.34,105.73,129.13,116.63,105.48,89.32,102.83,107.17,123.1,82.75,182.69,124.14,84.03
2007-12,110.78,99.42,99.93,127.19,119.14,119.97,97.41,104.17,91.84,105.26,110.41,109.94,112.36,121.03,122.5,125.49,79.19,108.34,106.21,116.34,93.65,88.46,100.32,139.11,102.37,107.48,128.94,118.2,105.22,88.55,102.75,107.19,120.95,82.04,185.39,122.19,84.42
2008-01,110.93,99.05,100.46,125.03,122.04,121.82,101.47,104.76,93.4,106.21,110.26,109.3,112.03,120.93,117.75,125.5,81.77,108.8,109.12,113.31,95.75,89.52,99.78,137.61,102.6,106.4,129.53,118.85,105.34,89.06,102.64,106.53,120.22,83.94,185.68,116.83,83.9
2008-02,113.84,98.46,100.51,125.61,124.1,126.93,103.7,105.13,92.89,105.76,109.64,108.86,110.41,118.33,114.27,126.33,84.02,108.19,107.79,111.67,96.4,89.76,100.33,138.49,102.46,107.89,129.22,119.44,104.84,89.9,102.03,105.94,120.66,84.11,183.04,116.16,82.75
2008-03,113.22,99.44,101.93,124.01,129.12,129.43,104.83,106.37,93.86,107.66,111.33,110.44,113.95,120.78,103.06,129.55,84.23,109.58,113.15,105.58,97.77,90.78,101.04,137.65,104.51,106.52,130.13,122.11,106.41,92.27,103.55,107.53,122.3,87.14,170.52,114.41,81.49
2008-04,113.33,99.82,102.31,122.26,127.35,132.44,105.61,106.63,94.58,107.91,111.85,110.2,114.83,124.02,101.68,130.34,84.35,109.89,109.93,104.57,98.73,91.48,101.28,139.86,105.12,104.49,130.3,125.96,106.49,92.64,104.12,108.82,123.32,86.59,163.21,112.39,81.26
2008-05,116.63,99.72,102.33,124.89,122.31,135.05,104.94,105.93,94.24,107.47,111.4,109.74,114.68,127.33,101.92,129.81,88.57,109.42,109.18,100.55,98.54,91.3,101.11,140.24,104.49,103.3,130.81,127.36,106.13,94.87,104.34,108.58,123.41,84.89,173.26,112.41,81.88
2008-06,117.21,99.32,102.42,122.57,117.19,138.5,107.98,105.72,94.38,107.33,111.18,109.39,113.96,129.47,97.31,129.73,88.56,109.27,106.31,101.35,97.95,91.31,101.12,141.29,103.73,101.51,128.43,127.96,106.12,97.93,104.51,108.63,122.57,85.17,173.58,112.69,82.4
2008-07,118.01,98.78,102.89,122.39,115.16,133.9,112.1,105.58,94.88,107.06,110.76,109.8,112.8,135.24,97.88,129.63,88.22,109.63,105.42,102.54,97.74,91.19,100.37,142.51,103.78,100.08,128.45,132.38,105.47,97.21,104.04,107.95,121.23,84.6,175.26,112.43,81.91
2008-08,111.15,97.98,101.17,118.94,115.18,131.28,107.38,104.47,94.15,106.15,109.49,107.98,110.49,131.24,98.77,127.96,86.65,108.53,105.52,101.53,96.74,90.88,100.46,147.08,102.69,97.81,128.14,129.23,104.46,97.09,102.79,106.64,120.81,83.15,186.65,111.44,83.56
2008-09,104.88,97.75,100.6,119.73,116.33,119.95,105.46,104.24,94.21,105.87,108.53,107.04,112.11,127.73,92.1,126.71,89.22,107.4,110.51,94.81,97.24,91.16,100.19,142.29,102.18,95.47,126.16,125.57,104.74,97.89,102.5,105.93,119.06,83.77,183.82,109.73,85.33
2008-10,90.81,97.14,99.36,109.52,106.18,115.23,103.26,103.43,94.08,104.79,107.15,105.42,111.5,117.04,80.36,123.77,90.34,106.32,122.97,83.11,97.66,91.98,99.65,124.04,100.4,90.99,118.93,117.69,104.18,97.91,102.43,105.44,114.72,87.1,168.42,109.34,90.14
2008-11,89.14,96.97,98.9,107.92,103.33,116.36,101.1,103.67,94.16,104.38,106.65,104.86,111.5,114.77,72.19,122.76,87.6,105.96,129.91,79.8,97.83,92.3,99.18,124.02,99.94,86.91,115.88,113.32,103.92,98.96,102.11,105.16,110.97,86.42,163.67,102.88,91.08
2008-12,89.7,98.57,101.09,105.86,102.04,121.17,99.84,106.85,96.69,107.56,109.01,108.4,113.31,117.55,78.19,125.83,86.96,108.52,137.0,80.21,99.96,94.9,99.91,121.72,101.94,84.63,112.3,108.28,104.96,101.69,103.17,106.93,106.23,86.97,164.34,97.0,89.55
2009-01,90.78,98.49,101.33,106.35,105.46,121.92,97.97,106.78,96.55,107.7,108.6,107.98,112.95,112.66,79.99,123.64,86.32,108.59,137.51,81.42,103.65,98.54,99.01,117.89,102.2,83.46,114.5,103.3,104.76,103.19,103.26,105.7,106.3,89.11,162.63,94.58,90.47
2009-02,88.9,98.37,100.81,106.02,108.7,111.85,93.22,107.35,96.34,107.36,108.12,108.03,111.3,106.43,89.47,120.96,83.74,108.15,136.05,78.65,105.25,99.49,100.21,113.15,101.96,80.04,120.37,94.35,104.16,103.82,103.78,104.91,103.54,88.65,160.37,97.87,92.92
2009-03,91.6,99.11,101.05,104.8,111.21,114.13,98.32,108.72,96.36,108.37,109.31,108.9,114.4,105.42,87.38,122.66,82.59,109.12,128.82,79.09,105.29,99.71,100.44,113.19,104.15,82.59,120.99,96.03,105.41,103.69,105.14,105.84,102.02,88.11,155.75,95.52,93.46
2009-04,96.64,98.7,100.74,106.54,110.74,116.46,99.05,107.56,94.86,107.39,108.86,108.01,113.77,108.49,77.99,121.03,81.45,108.6,125.28,85.47,103.78,98.58,100.32,122.51,103.87,86.53,120.83,100.05,104.97,102.31,104.51,106.3,104.15,87.9,162.6,97.46,91.27
2009-05,101.55,99.06,100.8,113.01,111.2,121.5,99.3,107.9,94.72,107.1,109.31,108.18,114.06,115.44,76.49,120.88,82.09,109.02,124.95,89.29,102.94,98.17,100.44,122.82,104.31,88.67,120.87,101.13,104.75,102.05,105.0,106.45,106.95,88.47,163.72,99.81,88.7
2009-06,105.57,99.15,100.88,115.03,112.76,127.93,100.5,108.83,95.17,108.11,109.91,109.23,114.52,116.67,75.74,120.82,84.1,109.56,123.54,87.83,103.86,98.14,101.05,120.45,104.45,92.72,120.55,99.48,104.82,102.67,105.74,107.28,104.72,88.84,161.75,104.27,88.35
2009-07,105.91,98.76,101.03,114.7,114.61,130.19,103.18,108.57,96.12,107.55,109.53,109.24,113.83,122.06,75.29,120.28,86.01,109.67,125.76,87.73,103.25,97.12,100.28,120.46,103.41,93.79,119.94,104.81,104.6,102.22,104.71,106.48,104.89,88.17,164.83,103.99,87.97
2009-08,109.09,98.9,101.11,117.63,111.24,130.57,103.22,107.94,95.51,107.25,109.91,109.25,112.77,122.27,74.46,120.66,86.7,109.78,124.36,88.88,101.59,96.44,101.31,123.06,103.54,97.31,122.57,108.32,103.94,101.73,104.56,106.62,110.98,87.96,165.26,103.96,86.75
2009-09,111.15,99.44,101.38,117.74,110.86,132.16,104.51,108.61,95.5,107.86,110.25,109.28,115.43,121.69,75.28,121.55,87.06,110.09,127.7,89.59,101.12,97.36,101.6,119.12,104.74,99.55,124.95,107.96,104.56,102.04,104.67,106.9,112.0,88.88,163.01,101.14,85.98
2009-10,115.69,99.66,101.67,120.01,109.99,135.59,102.52,108.86,95.58,107.41,110.61,109.74,116.1,123.51,75.42,122.12,87.0,110.34,127.09,91.45,100.27,97.04,101.6,120.29,105.15,102.25,128.74,106.83,104.52,102.38,104.76,107.91,111.19,89.71,166.46,98.74,84.75
2009-11,116.78,99.71,101.8,119.51,117.02,129.42,102.59,108.72,95.25,107.36,110.61,109.4,116.5,122.44,75.44,121.8,85.44,110.16,127.82,91.83,99.39,96.83,101.89,121.52,104.89,99.96,128.1,108.28,104.53,102.48,105.57,108.37,110.68,89.96,164.91,100.91,84.17
2009-12,115.54,99.16,101.28,120.02,118.35,126.98,100.92,107.68,95.02,106.72,110.03,109.46,115.81,120.42,75.97,119.96,85.79,109.52,126.84,92.31,98.79,96.17,101.25,124.79,103.34,98.93,127.69,108.06,104.14,101.86,104.64,107.55,109.26,89.46,166.14,100.38,84.11
2010-01,117.57,98.34,100.85,121.49,119.29,130.1,101.15,106.78,94.24,105.41,108.68,107.26,113.68,122.73,76.28,117.65,87.38,108.45,124.5,95.44,97.6,96.23,100.01,126.39,102.11,100.32,129.76,109.79,103.41,100.94,102.97,105.52,109.75,90.12,174.89,100.9,84.38
2010-02,115.41,97.15,99.75,120.9,113.31,134.45,100.11,106.01,92.87,103.59,107.57,105.6,111.49,120.35,77.52,115.69,87.52,106.77,126.81,94.46,96.28,94.81,100.26,126.29,100.97,97.56,129.9,109.79,102.62,99.68,102.44,103.82,111.18,89.18,176.35,100.04,85.16
2010-03,118.53,97.47,99.3,124.22,114.71,136.56,100.86,105.42,92.99,102.97,107.21,105.11,114.14,122.35,78.19,115.01,87.32,106.06,125.81,96.06,95.66,93.89,100.13,130.33,101.34,97.58,129.95,112.4,103.05,98.66,102.65,103.78,112.71,89.43,174.74,96.44,84.68
2010-04,120.36,97.0,98.7,126.66,115.35,134.43,101.2,104.3,92.59,102.17,106.42,103.88,114.3,121.64,78.51,113.78,88.45,105.36,121.1,98.33,95.73,93.39,99.83,133.16,100.63,98.41,130.48,111.99,102.58,98.1,102.91,103.97,112.2,90.13,180.76,98.89,84.22
2010-05,115.34,96.12,97.51,124.09,115.51,134.24,98.51,102.64,91.74,100.17,104.7,101.89,113.64,116.03,81.34,111.32,89.51,103.7,125.48,95.44,95.07,92.98,99.22,128.61,98.54,98.98,128.06,105.77,101.86,97.51,102.62,102.68,110.53,89.15,181.42,98.84,86.74
2010-06,114.31,95.6,96.71,124.75,115.77,139.32,97.34,101.58,91.58,99.34,103.78,100.89,112.72,113.56,83.32,109.48,89.36,102.85,128.27,92.16,94.98,92.63,98.81,129.24,97.06,99.15,126.39,104.12,101.58,97.26,102.66,102.11,110.64,90.47,180.38,101.44,87.36
2010-07,115.34,95.77,97.72,123.66,115.59,141.27,100.51,102.52,92.55,99.78,104.51,102.2,113.15,113.94,83.49,111.29,87.89,104.29,130.53,91.31,95.6,93.25,98.95,127.31,97.9,100.32,125.41,105.66,102.37,97.88,102.43,102.54,112.66,93.26,178.42,101.85,85.85
2010-08,117.26,95.62,97.46,123.14,119.35,144.33,101.92,102.57,92.21,99.92,104.44,101.92,111.93,113.7,85.3,111.71,88.81,104.19,132.58,92.55,94.66,92.63,99.8,127.37,97.71,99.57,125.92,107.27,101.86,97.22,102.46,102.49,113.08,93.3,180.26,103.69,84.96
2010-09,120.6,95.79,97.8,123.31,122.0,143.85,102.1,102.53,92.68,100.3,104.35,101.7,113.96,113.06,85.91,111.9,89.39,103.88,132.65,93.69,94.77,93.03,99.79,126.65,98.36,100.47,126.47,108.65,102.02,97.12,101.77,102.56,116.31,95.54,181.97,101.49,83.95
2010-10,122.63,97.04,99.18,123.82,121.11,139.92,103.48,103.71,94.14,102.3,105.84,103.42,115.24,118.26,86.3,114.77,89.66,105.44,133.64,94.16,95.76,94.24,100.44,129.17,100.02,101.32,125.43,110.55,102.82,97.77,102.35,104.63,117.71,94.87,185.78,99.07,81.26
2010-11,123.81,96.3,98.62,124.58,121.78,136.15,102.5,103.03,93.96,101.76,105.12,102.64,114.76,117.04,86.62,113.09,89.35,104.64,131.81,93.02,95.61,93.79,100.19,131.4,99.02,104.66,124.11,109.81,102.46,97.55,102.29,104.48,116.7,94.38,184.91,101.0,81.21
2010-12,125.72,95.72,97.66,125.32,124.29,133.04,99.39,101.29,93.02,100.24,104.1,101.7,113.87,115.07,85.73,111.33,91.48,103.48,130.62,92.57,94.47,93.37,99.6,131.57,97.21,102.62,126.93,107.48,101.78,96.95,101.46,103.82,118.96,97.45,176.97,100.94,81.7
2011-01,125.33,95.5,98.16,126.34,119.4,136.58,102.92,101.3,92.29,100.16,103.67,100.92,112.87,116.69,83.29,110.93,91.26,103.74,129.83,94.71,95.8,92.84,99.05,133.94,96.88,103.64,127.13,111.75,102.48,98.01,100.18,102.91,120.25,97.5,171.01,101.28,80.91
2011-02,125.97,95.92,98.77,126.26,121.56,134.65,103.82,102.36,92.59,100.58,104.23,101.81,111.33,119.07,82.62,112.3,88.44,104.15,128.13,94.38,95.71,92.61,100.4,133.77,97.68,101.74,127.51,110.83,102.31,98.1,99.92,103.06,122.8,96.63,166.22,102.53,80.24
2011-03,125.32,97.0,99.43,127.71,120.08,133.44,103.37,103.1,93.44,101.42,105.36,102.78,115.07,120.36,82.31,114.09,89.4,104.74,128.53,93.48,95.78,93.54,100.97,133.21,99.16,98.21,128.22,109.17,103.73,98.63,101.31,103.95,122.3,98.18,164.11,100.51,79.88
2011-04,129.29,97.73,100.05,129.11,120.43,136.5,104.13,103.82,94.32,102.08,106.12,103.22,115.82,123.83,82.24,115.5,91.38,105.61,123.86,95.4,96.5,94.49,101.39,134.81,100.22,102.58,129.86,111.14,103.93,99.01,102.05,105.54,121.92,97.91,167.32,100.23,78.83
2011-05,130.22,97.37,99.89,128.1,121.48,137.25,103.73,103.39,93.92,101.53,105.57,102.47,115.5,122.63,82.02,114.66,90.75,105.08,126.8,95.03,96.29,94.69,101.08,134.01,99.7,103.4,128.24,112.12,103.6,98.89,102.48,105.03,121.71,100.81,165.54,100.36,78.99
2011-06,129.3,97.24,100.35,125.97,120.91,138.86,104.22,103.5,94.18,102.12,105.75,102.7,115.46,122.66,81.96,114.89,92.32,105.29,127.55,95.25,96.77,94.81,101.02,132.1,99.29,106.01,128.48,110.96,103.46,98.97,102.11,104.99,119.52,104.45,159.97,99.25,78.96
2011-07,130.87,96.73,99.95,128.69,122.21,140.02,104.09,103.2,94.36,101.27,104.69,102.34,113.5,121.82,81.84,113.98,92.02,105.11,128.54,97.25,96.26,94.4,99.81,133.87,99.23,109.43,128.43,109.76,103.25,98.48,100.74,103.99,118.88,106.11,154.77,99.11,78.43
2011-08,126.9,96.77,99.88,125.39,121.02,138.3,104.26,103.39,95.02,101.94,105.2,102.5,112.05,119.75,82.72,114.04,88.96,105.51,132.2,95.67,96.4,94.63,101.18,127.46,99.37,108.25,127.7,106.46,102.72,98.86,101.13,104.13,118.62,111.25,146.79,100.7,78.86
2011-09,125.56,96.86,99.33,124.21,119.43,137.99,102.05,102.68,95.08,101.56,104.25,101.87,115.16,113.4,84.07,112.82,87.24,104.81,134.77,92.73,96.86,95.44,100.77,120.91,98.78,106.58,128.37,100.19,103.15,99.14,101.52,103.65,118.64,102.52,148.7,100.58,80.98
2011-10,124.88,97.09,99.41,122.61,113.89,133.72,100.98,102.7,94.88,101.8,104.37,101.99,115.12,109.57,85.24,113.08,88.26,105.38,135.86,90.38,97.5,95.45,100.78,118.39,98.72,103.75,127.69,100.51,103.95,99.5,102.16,104.32,118.83,99.88,151.33,100.76,81.47
2011-11,125.08,96.92,99.47,122.42,115.27,133.42,98.59,102.3,94.59,101.4,104.26,101.75,114.74,105.55,84.97,112.42,87.12,104.83,133.74,92.28,97.8,95.31,100.82,117.76,98.0,101.63,126.57,99.01,103.54,99.87,102.23,104.37,118.4,99.2,156.5,102.02,81.79
2011-12,126.29,96.42,98.58,122.51,114.7,133.8,97.76,101.19,93.85,100.27,103.65,100.79,113.72,106.44,84.08,110.48,87.06,104.21,133.98,91.96,97.86,94.56,100.14,118.84,96.66,102.19,125.74,97.38,102.94,99.12,101.0,103.57,118.94,98.02,154.9,102.85,82.1
2012-01,129.17,95.1,98.2,123.61,117.71,139.52,98.53,100.57,93.24,99.48,102.03,99.1,111.67,106.58,83.42,108.3,86.34,103.2,134.94,92.09,97.35,93.72,98.77,122.03,95.33,105.54,125.1,99.57,103.08,99.36,99.7,101.27,118.9,97.88,159.66,102.42,81.82
2012-02,131.38,95.12,98.61,124.68,121.15,143.25,100.37,101.38,92.99,99.65,102.34,99.57,109.55,113.3,82.19,109.62,86.15,103.38,130.59,93.02,96.55,93.11,100.11,127.01,95.98,108.59,128.27,104.31,102.83,98.78,99.69,101.13,119.69,98.55,163.88,102.42,80.5
2012-03,129.28,95.66,98.37,125.25,120.56,144.78,101.21,101.29,93.45,99.65,102.82,99.74,112.18,112.72,80.73,110.29,85.76,103.45,124.53,93.19,96.54,93.32,99.96,127.22,96.8,107.41,127.93,105.21,103.5,98.53,100.17,101.37,118.32,98.56,160.92,102.45,81.22
2012-04,126.83,95.88,98.08,125.72,120.55,144.74,100.21,100.77,93.45,99.69,102.54,99.22,112.69,112.14,80.96,109.68,86.63,103.6,126.39,92.15,96.65,93.66,100.03,123.46,96.84,107.27,126.79,104.3,103.21,98.65,101.02,102.49,118.38,98.46,163.32,104.25,81.56
2012-05,124.05,95.49,97.52,124.49,119.7,146.22,98.0,100.61,93.29,99.39,101.88,98.49,111.86,111.97,82.69,108.46,86.27,103.08,130.18,91.4,96.8,93.86,99.58,118.83,96.05,103.0,126.3,101.21,102.66,98.66,101.44,101.88,115.99,97.79,164.93,105.78,83.02
2012-06,126.23,95.52,97.11,122.74,118.78,148.25,96.8,100.14,93.34,99.29,101.7,98.14,111.46,111.99,84.34,107.79,85.82,103.11,131.89,91.84,97.06,93.95,99.42,117.68,95.36,104.92,125.57,101.24,102.43,98.83,100.84,101.53,117.05,97.18,165.15,104.63,84.19
2012-07,131.23,94.45,96.29,124.31,122.09,148.37,96.68,98.98,92.33,97.65,100.25,97.3,109.01,113.96,85.76,106.26,84.16,102.19,131.84,93.45,95.62,92.88,97.89,123.54,94.93,107.01,124.81,102.78,101.92,97.83,99.13,100.41,120.15,95.88,167.24,106.08,83.64
2012-08,132.67,94.35,96.36,126.25,124.04,145.26,97.78,98.52,92.17,97.21,100.57,97.33,107.45,116.6,88.42,106.65,83.67,102.19,131.32,93.89,94.74,92.43,98.98,124.55,94.68,107.35,125.64,104.26,101.32,97.26,99.36,100.63,123.62,95.57,167.51,106.22,83.06
2012-09,129.63,95.56,97.29,126.88,124.63,143.59,99.26,99.35,93.34,98.56,101.06,98.38,110.68,115.37,84.57,107.83,83.37,102.98,130.3,93.84,95.56,93.58,99.8,126.08,95.94,106.86,127.0,103.76,102.08,97.99,100.59,102.34,121.68,95.99,163.97,106.35,81.8
2012-10,127.79,95.8,97.53,125.72,124.55,142.89,98.76,99.44,93.6,98.89,101.29,98.46,111.46,116.39,83.22,108.04,84.65,102.98,128.09,94.73,95.47,93.33,99.92,126.97,96.64,106.8,127.64,104.91,102.17,98.27,100.52,103.24,119.91,96.13,165.73,105.91,81.32
2012-11,129.65,95.71,97.31,124.72,123.09,142.12,96.57,99.02,93.16,98.34,100.91,98.24,110.59,116.05,82.23,107.29,83.91,102.54,124.56,96.56,95.36,93.14,99.82,126.64,96.02,106.89,128.71,104.21,101.82,98.21,100.39,102.94,119.45,95.98,168.57,106.21,81.48
2012-12,129.8,96.2,97.84,124.54,123.01,143.36,97.59,99.23,93.41,98.99,101.78,99.25,110.64,114.97,81.32,108.42,85.81,103.28,119.56,97.41,95.46,93.13,99.83,128.75,96.48,108.0,129.62,105.62,102.01,98.33,100.27,103.43,119.69,96.09,166.89,106.29,80.5
2013-01,130.52,96.33,98.57,124.01,123.89,144.85,98.54,99.81,94.53,99.48,101.99,99.58,109.51,113.68,79.96,109.05,86.4,104.16,111.68,99.19,95.38,93.62,99.5,130.63,97.29,109.08,130.16,105.57,101.48,99.4,99.78,102.75,120.39,95.43,170.47,104.25,80.7
2013-02,128.42,96.38,98.84,122.76,123.54,142.98,98.98,100.86,94.94,99.91,102.28,100.24,107.66,114.1,81.43,110.28,87.15,104.23,106.05,97.71,94.81,93.46,101.24,130.52,98.15,109.86,130.15,104.81,101.23,99.35,100.46,102.9,122.63,95.73,169.69,101.3,81.38
2013-03,130.04,96.39,97.82,121.34,124.9,141.93,97.09,99.76,94.67,99.13,101.99,99.5,109.46,109.04,84.58,109.12,88.49,103.24,105.13,97.1,94.34,93.0,100.45,134.11,98.09,109.26,127.5,104.02,102.14,98.8,100.08,102.17,123.88,94.67,170.36,100.27,82.27
2013-04,130.45,96.65,97.92,121.72,124.17,140.49,96.43,99.72,94.85,99.61,101.95,99.13,110.06,111.02,89.02,109.2,90.17,103.35,101.81,95.39,94.58,93.44,100.7,137.74,98.34,111.72,127.52,105.1,102.13,99.03,100.9,102.64,122.31,95.37,171.64,101.75,81.79
2013-05,124.95,96.76,98.04,121.83,122.66,140.07,96.03,99.96,95.06,99.67,101.94,99.61,109.76,113.28,87.6,109.01,90.13,103.31,98.91,96.67,94.64,93.58,100.35,136.19,98.31,109.82,127.61,103.79,102.2,98.94,101.03,102.78,120.68,93.77,169.46,102.21,82.38
2013-06,119.59,97.24,98.99,120.66,118.2,137.04,97.75,100.81,96.55,100.73,102.85,100.71,110.38,113.23,86.94,110.08,90.93,104.57,103.09,94.33,95.46,94.26,101.01,129.29,98.72,106.44,125.44,102.01,102.64,99.8,101.73,103.68,120.05,95.46,163.53,102.7,83.06
2013-07,117.3,96.64,98.93,119.78,118.69,138.24,96.98,100.68,96.37,100.55,102.36,101.06,108.41,113.44,87.13,109.84,92.45,104.55,101.16,95.95,95.03,93.53,99.69,131.53,99.46,107.64,123.74,102.75,102.45,99.56,101.24,103.04,120.49,94.89,162.47,101.54,83.52
2013-08,115.45,96.97,99.38,119.42,116.82,138.18,97.68,101.31,96.91,101.03,103.35,101.66,107.11,111.85,88.36,110.58,92.82,105.57,103.03,96.65,94.55,93.98,101.35,129.8,99.86,107.95,123.32,104.02,101.83,99.7,101.95,103.85,120.63,95.65,158.02,103.06,83.26
2013-09,118.33,97.63,99.27,119.86,118.43,136.51,96.94,101.12,96.25,101.08,102.94,101.43,109.77,111.81,87.0,110.08,92.47,105.1,101.21,99.28,94.56,94.41,101.43,128.18,99.68,109.97,122.65,103.46,102.39,99.4,102.03,103.51,120.93,95.51,153.58,105.28,82.86
2013-10,120.18,97.94,99.63,118.97,118.25,137.28,97.95,101.72,96.26,101.76,103.25,101.67,110.0,113.69,85.8,110.74,92.34,105.3,101.77,99.45,95.03,94.43,101.57,128.82,99.88,111.09,121.32,105.21,102.47,99.57,102.33,104.34,120.22,96.12,156.3,105.18,81.7
2013-11,118.79,97.97,99.63,118.03,115.31,135.25,93.15,101.63,96.08,101.71,103.09,101.93,108.42,112.55,86.46,110.16,92.71,104.92,99.96,100.6,94.74,94.46,101.51,130.12,99.27,111.03,120.27,105.17,102.18,99.76,102.18,104.53,118.36,96.04,154.83,106.42,82.11
2013-12,114.67,98.91,100.26,115.82,113.6,134.47,91.83,102.07,96.45,102.75,103.94,103.09,109.75,111.64,89.17,110.86,93.22,105.65,96.51,101.57,95.08,94.62,101.72,131.46,99.88,111.26,117.94,106.17,102.67,100.04,101.58,105.0,118.29,96.99,150.8,107.85,82.06
2014-01,113.54,98.36,100.55,113.13,112.57,133.92,92.47,102.26,96.88,102.77,103.45,102.42,108.78,111.73,90.54,110.16,93.58,106.07,96.11,101.21,95.86,94.68,100.99,130.57,99.71,112.64,118.31,106.63,101.74,100.43,101.13,103.78,119.05,96.47,144.2,108.78,82.96
2014-02,114.69,98.24,100.49,112.3,109.34,129.11,92.55,102.69,97.06,102.95,103.84,102.86,107.2,108.71,91.98,110.41,92.41,105.77,97.68,100.72,95.9,94.77,101.95,129.77,99.93,112.35,119.17,106.73,101.28,100.25,101.18,103.54,118.78,97.21,145.16,109.39,83.04
2014-03,116.0,99.37,100.68,111.87,108.23,130.27,92.8,102.82,97.68,103.54,104.63,103.48,110.02,108.42,92.14,111.61,93.0,106.14,97.53,100.99,96.39,95.35,101.95,130.58,101.11,115.3,120.72,106.28,102.64,100.48,102.1,103.94,118.83,97.97,145.11,108.89,83.33
2014-04,118.84,99.26,99.96,113.05,110.3,135.69,92.29,102.75,97.4,103.44,104.24,102.95,109.94,109.58,92.66,111.21,92.67,105.9,99.23,103.54,96.51,95.28,101.81,131.18,101.28,115.55,121.53,106.26,102.42,100.17,102.21,104.53,116.48,97.52,152.69,109.83,83.17
2014-05,118.62,99.3,99.4,114.33,110.21,137.53,92.07,102.21,97.04,102.65,103.86,102.28,108.57,109.95,92.52,110.43,92.76,105.31,100.09,105.25,96.08,94.69,101.63,131.63,100.47,115.43,122.52,105.8,102.06,100.03,102.42,104.17,116.17,97.23,155.84,110.46,83.1
2014-06,119.81,98.9,98.99,115.01,110.9,139.94,91.55,101.84,96.61,102.22,103.3,101.94,108.78,109.12,92.6,109.83,93.57,104.86,99.82,105.88,95.88,94.21,101.46,131.29,99.63,115.82,120.62,106.48,101.83,99.7,102.14,103.74,115.06,96.75,155.0,111.66,83.38
2014-07,120.04,98.26,98.84,115.94,109.94,142.17,91.9,101.88,96.49,101.99,102.66,102.02,107.18,108.01,92.46,109.15,94.64,104.49,99.99,105.59,95.57,93.73,100.23,131.52,100.15,116.67,119.25,106.16,101.17,99.43,100.95,102.5,113.0,96.58,156.16,112.86,83.14
2014-08,119.64,97.91,98.04,114.19,106.69,140.14,90.3,101.32,96.09,101.78,102.69,101.55,105.55,106.07,92.41,108.7,93.24,104.29,99.17,105.72,94.69,93.82,101.09,130.84,99.65,113.85,120.07,104.11,100.68,99.15,100.81,102.26,112.97,96.26,154.99,111.87,83.61
2014-09,117.73,97.92,97.15,113.95,105.8,136.02,89.76,100.64,95.26,101.5,101.35,100.45,106.99,105.07,91.83,106.97,90.57,102.92,95.94,105.46,95.21,93.81,100.54,131.18,98.71,111.34,120.43,103.04,100.81,98.54,100.56,101.63,111.81,95.4,154.46,111.29,84.63
2014-10,115.22,97.7,96.98,112.53,108.52,132.52,89.7,100.44,95.29,101.2,100.97,99.77,105.7,106.36,91.94,106.16,89.49,102.67,95.8,103.31,95.34,94.11,100.12,130.41,98.26,108.85,118.15,102.31,100.87,98.46,100.65,101.75,111.76,94.93,156.68,111.19,85.4
2014-11,115.19,97.9,97.01,112.01,109.56,129.31,89.31,100.5,95.2,101.5,100.84,99.89,104.86,106.51,91.04,105.88,88.18,102.55,89.64,101.27,95.81,94.86,100.04,131.52,97.85,109.95,115.96,102.21,100.77,98.58,100.69,101.71,111.14,95.38,161.29,110.56,86.34
2014-12,111.31,98.26,97.31,110.52,106.93,119.85,89.79,100.92,96.6,102.48,101.24,100.25,104.85,104.69,91.96,105.63,87.25,103.04,88.47,102.45,96.57,95.91,99.67,125.51,98.07,110.92,109.97,102.07,101.1,98.79,100.76,101.4,109.84,95.17,159.17,111.27,87.77
2015-01,111.01,96.4,95.91,106.77,107.28,119.72,88.32,99.33,95.77,100.71,98.78,97.41,102.18,102.17,90.93,102.28,88.42,101.13,90.59,106.12,96.81,94.51,98.53,125.22,95.81,111.13,109.15,99.91,99.5,98.09,98.9,98.6,107.64,102.39,164.93,111.52,89.45
2015-02,107.45,95.34,94.91,103.81,107.71,120.6,87.97,98.72,95.0,99.49,98.06,96.54,100.3,104.39,91.98,100.94,89.44,100.07,90.25,105.01,95.82,92.84,99.14,123.62,94.87,109.07,111.79,100.71,98.53,96.55,98.11,97.57,105.81,103.84,158.68,113.96,90.55
2015-03,108.08,94.92,93.05,104.11,109.12,115.16,86.87,96.77,93.38,97.52,96.91,94.93,100.97,104.07,91.98,98.97,88.63,98.19,90.07,105.01,94.71,91.53,97.99,122.11,94.01,110.6,109.08,99.88,99.2,95.08,97.39,96.54,106.46,101.67,155.65,113.99,92.44
2015-04,107.49,94.41,92.68,105.7,111.47,118.72,86.07,96.05,92.57,96.43,96.28,94.46,100.62,104.97,92.21,98.26,89.99,97.53,90.44,106.91,93.81,90.59,97.46,120.98,93.83,111.85,110.28,102.0,98.85,94.39,96.67,96.82,104.53,102.82,153.0,113.44,91.93
2015-05,109.39,95.15,93.56,107.25,112.18,121.5,87.22,96.93,93.19,97.01,97.35,95.7,100.52,104.09,92.59,99.84,90.61,98.49,89.14,105.68,94.53,91.27,98.26,119.19,94.86,108.06,113.0,101.24,99.54,95.3,97.91,98.02,105.92,104.14,151.19,115.12,91.52
2015-06,107.68,95.67,94.14,105.88,109.03,116.0,88.16,97.42,93.91,97.77,97.71,96.35,101.81,102.93,93.02,100.5,91.97,99.28,87.04,104.3,95.19,92.14,98.72,118.01,95.01,103.14,109.56,99.91,99.65,95.95,98.34,98.73,106.74,104.17,147.63,116.12,92.4
2015-07,104.42,94.92,93.63,102.43,107.09,110.12,88.6,97.21,93.52,97.3,96.8,96.03,100.13,102.9,93.62,99.46,94.02,98.73,87.96,102.14,94.31,91.76,97.4,115.34,95.24,99.54,107.08,99.78,98.88,95.41,97.41,97.36,105.31,102.71,150.13,117.74,93.87
2015-08,104.11,95.66,94.83,100.76,103.29,101.85,89.77,98.38,95.01,99.25,98.33,97.42,101.04,103.44,95.68,101.18,93.19,100.32,89.5,100.6,95.45,92.72,98.99,112.21,96.23,99.11,105.58,99.65,99.3,96.3,98.55,98.13,105.04,101.18,143.15,118.6,95.19
2015-09,101.32,96.54,95.64,99.92,103.98,101.54,89.93,99.06,94.88,99.97,98.66,98.18,103.69,102.8,97.79,101.65,91.42,100.75,92.39,100.06,95.71,93.81,99.25,111.05,96.82,96.29,105.3,99.33,100.71,96.62,99.02,98.56,107.5,100.65,136.71,116.41,95.55
2015-10,102.96,96.29,95.66,101.16,104.8,106.38,89.56,98.59,94.41,99.59,98.39,97.81,102.97,103.32,98.81,101.2,92.08,100.53,91.85,103.13,95.48,93.67,98.84,112.97,96.41,100.65,105.5,98.24,100.44,96.32,98.69,98.88,107.72,100.67,142.16,115.84,94.62
2015-11,103.81,95.55,94.52,100.38,103.14,105.56,88.4,97.12,93.18,98.15,96.89,95.56,100.95,101.98,98.08,98.74,92.85,98.73,90.64,103.48,94.87,93.23,98.28,114.2,94.48,99.94,104.61,97.02,99.49,95.55,98.08,98.06,106.61,99.39,150.11,118.26,95.95
2015-12,105.3,96.75,95.29,97.09,103.83,98.89,89.2,97.89,93.54,99.11,98.01,96.65,102.01,101.79,98.84,99.91,93.14,99.73,91.8,102.33,95.6,94.05,98.47,112.4,95.3,102.74,102.79,96.89,99.82,96.02,98.44,98.62,108.72,100.08,147.75,116.18,96.42
2016-01,103.02,96.83,96.5,94.61,103.57,101.15,91.19,98.9,94.75,99.97,98.09,97.07,101.17,103.11,99.73,100.29,92.2,100.7,95.47,101.19,96.39,95.28,98.05,107.31,95.35,101.08,103.51,95.31,100.04,96.82,98.06,97.78,109.51,100.04,148.74,112.4,98.74
2016-02,102.94,96.94,96.93,96.93,105.09,98.82,91.43,99.97,95.66,100.44,98.65,97.75,101.07,104.62,100.12,101.5,91.74,100.81,97.04,98.68,96.67,95.2,99.44,104.39,96.23,101.02,104.94,95.51,99.82,97.01,98.23,97.71,108.57,99.9,149.53,109.89,97.36
2016-03,107.0,97.0,96.91,100.79,107.34,105.16,90.19,98.9,95.06,99.51,98.52,97.44,101.56,103.15,100.32,101.11,91.31,100.03,97.57,100.07,95.89,94.66,98.62,108.26,96.33,101.04,105.57,96.89,100.97,96.18,98.14,97.48,109.29,99.96,150.2,108.29,95.73
2016-04,108.03,97.07,97.25,103.34,107.93,108.69,90.92,99.24,94.83,99.76,98.79,97.75,102.36,104.02,101.06,101.84,92.45,100.07,99.57,102.08,95.95,94.92,98.73,107.68,96.59,101.91,107.36,96.78,101.23,96.44,98.36,98.34,110.32,100.48,151.39,106.97,94.5
2016-05,103.98,97.29,97.39,103.2,106.74,110.0,90.81,99.54,94.9,99.69,99.1,98.38,101.97,103.29,101.77,102.05,92.12,100.33,101.09,100.21,96.56,94.83,98.8,103.55,96.64,101.83,108.04,94.77,101.21,96.49,99.33,98.78,109.32,99.33,147.21,109.31,95.82
2016-06,105.37,96.98,97.12,103.76,107.38,110.68,90.48,99.35,94.94,99.39,98.87,98.08,102.48,103.36,102.71,102.38,91.3,100.02,104.48,100.81,96.25,94.66,98.77,100.53,95.97,105.24,108.06,94.73,101.04,96.36,99.57,98.94,108.57,100.52,149.56,107.13,96.44
2016-07,108.13,96.41,97.04,102.87,111.9,112.63,90.94,99.41,94.79,99.07,98.31,98.19,100.5,103.08,105.38,102.3,92.47,99.95,106.1,103.35,95.84,93.87,97.49,101.64,96.3,107.09,108.52,94.65,100.5,95.76,98.52,98.11,107.11,100.21,150.8,100.3,96.85
2016-08,108.79,96.32,97.22,102.59,110.73,111.69,90.96,99.24,95.07,99.38,98.85,98.24,100.27,104.09,108.31,102.54,92.9,100.35,108.28,105.59,95.25,93.57,98.7,101.85,96.64,107.58,108.83,96.79,100.33,95.6,98.57,98.41,106.96,100.22,148.79,99.13,95.99
2016-09,108.34,96.94,97.04,101.8,109.37,112.97,90.5,98.98,95.17,99.55,98.61,98.37,102.02,104.59,111.42,102.12,93.46,100.14,107.59,106.3,95.61,94.07,98.8,98.56,96.33,108.76,110.29,96.09,101.04,95.62,98.48,98.39,106.05,99.75,148.36,99.5,96.61
2016-10,110.03,96.91,97.04,101.19,110.94,112.97,90.45,99.0,94.32,99.32,98.3,98.05,102.17,105.44,113.79,101.45,93.12,99.7,106.96,105.55,95.82,94.05,98.48,101.03,96.31,107.33,113.14,96.53,101.0,95.51,98.61,99.29,104.39,99.63,146.97,94.28,97.39
2016-11,110.79,96.99,96.93,100.33,112.74,108.61,90.85,98.99,94.6,99.43,98.16,97.24,101.1,104.98,118.01,100.72,93.79,99.42,104.06,103.92,96.18,94.56,98.61,96.81,95.84,109.26,112.44,94.79,100.4,95.76,98.9,99.62,102.89,100.43,140.81,97.2,99.66
2016-12,109.72,96.96,96.15,101.56,113.65,113.88,90.41,98.09,94.01,98.6,97.66,97.08,101.41,103.53,119.74,99.52,95.24,99.0,97.8,103.84,95.87,93.92,98.25,95.92,95.2,109.79,111.41,93.73,99.73,95.22,97.82,99.47,104.1,99.45,136.17,99.63,101.16
2017-01,110.83,96.74,97.06,103.0,114.28,116.87,91.43,98.35,94.18,97.85,97.59,96.54,100.77,105.38,116.71,99.36,95.04,99.47,97.79,104.51,95.69,93.86,97.67,93.04,94.98,110.72,111.81,95.96,99.44,95.44,97.3,99.15,105.86,100.17,129.41,97.57,101.35
2017-02,112.95,96.29,96.71,103.17,116.22,118.75,91.1,98.33,94.63,97.49,97.04,96.29,99.73,105.16,119.23,99.22,96.33,99.16,98.46,107.29,95.21,93.35,98.45,97.67,94.98,111.22,113.01,96.89,98.77,95.22,97.46,98.11,106.14,100.47,132.27,98.49,99.84
2017-03,112.39,96.8,96.85,100.73,113.31,116.17,90.91,98.35,94.89,97.56,97.75,96.57,101.51,104.42,120.95,99.97,98.27,99.15,98.36,108.05,95.95,94.33,98.35,103.27,95.39,107.91,110.45,97.06,100.45,95.03,97.75,98.0,105.44,100.07,132.7,97.23,99.29
2017-04,110.37,96.57,96.49,100.24,113.79,118.46,91.11,97.99,94.63,97.36,97.31,96.49,101.65,103.44,119.63,99.78,97.66,99.04,100.78,107.05,95.67,94.62,98.17,105.86,95.41,106.72,108.95,97.92,100.81,94.68,97.63,98.46,104.76,99.58,133.92,99.18,98.55
2017-05,108.3,97.41,97.39,98.58,110.81,116.45,92.93,98.93,95.76,98.39,98.44,97.69,101.59,105.07,125.98,101.17,98.56,99.94,98.38,107.46,96.49,95.11,98.87,105.33,96.17,105.95,108.01,99.78,101.14,95.39,98.91,99.32,104.73,99.47,135.39,100.14,98.14
2017-06,109.2,97.68,97.66,100.13,110.71,114.42,94.42,99.29,96.08,98.92,98.86,98.46,102.61,105.96,126.42,102.03,98.72,100.24,98.62,105.74,96.94,95.72,99.12,108.75,96.34,109.16,107.85,99.68,100.96,95.53,99.12,99.73,104.71,100.1,135.36,97.97,96.85
2017-07,112.12,97.82,98.63,104.33,111.3,110.38,96.54,100.79,97.38,99.24,99.29,99.85,101.64,107.46,120.45,103.24,97.23,101.2,96.4,105.17,96.74,95.97,98.77,110.58,97.85,110.22,110.08,99.82,100.81,95.96,98.88,99.76,108.04,99.3,132.32,98.03,95.47
2017-08,112.45,98.09,99.2,104.38,112.15,111.29,96.78,100.92,98.19,100.0,100.36,100.62,101.56,108.78,116.64,104.7,94.78,102.08,97.59,104.31,96.98,96.36,100.17,110.14,98.57,107.91,110.77,99.38,101.0,96.26,99.41,100.37,108.86,96.98,132.6,96.45,94.27
2017-09,112.27,98.97,99.05,106.52,113.91,112.27,96.4,100.6,97.79,99.98,100.04,100.44,103.33,107.06,114.98,103.88,95.65,101.63,95.93,103.16,96.78,97.07,100.01,109.36,98.16,106.01,110.91,99.32,101.86,96.31,99.46,100.38,108.78,96.33,133.19,98.3,93.58
2017-10,110.86,98.99,99.1,104.68,114.88,112.08,97.79,100.5,97.33,99.76,99.86,99.98,103.19,106.52,117.76,103.37,97.44,101.14,94.74,104.0,97.25,96.91,99.93,104.88,98.0,103.96,109.97,99.75,101.88,96.25,99.39,101.13,107.53,95.41,129.55,98.55,95.04
2017-11,108.57,99.18,99.27,103.56,114.25,110.13,98.76,100.43,98.04,100.25,99.96,99.47,102.53,106.22,119.37,103.04,97.1,100.97,94.94,106.07,97.44,97.28,99.7,105.21,97.8,101.82,107.83,101.23,101.48,96.45,99.8,101.67,105.25,94.52,124.25,99.28,95.02
2017-12,108.22,99.49,99.38,102.85,113.08,110.81,98.19,100.07,97.71,100.21,100.2,99.85,102.85,105.67,118.05,103.03,96.77,101.31,94.36,107.43,97.46,97.14,99.62,104.37,97.68,102.39,105.19,101.84,101.28,96.29,99.62,101.58,104.69,93.99,125.59,100.07,94.38
2018-01,110.14,99.15,100.15,104.89,117.16,114.17,100.1,100.24,98.24,100.17,100.55,99.61,101.4,107.87,117.35,103.13,96.75,102.07,94.12,107.28,97.43,97.47,99.04,104.48,97.96,104.29,107.69,103.68,100.74,97.12,98.97,100.83,105.56,94.45,126.16,100.28,92.7
2018-02,107.43,99.1,100.21,103.26,117.08,113.76,100.35,100.78,98.99,100.34,100.3,99.67,101.18,106.96,118.43,103.97,93.56,101.9,95.3,104.95,97.61,97.2,100.09,105.37,98.24,103.85,108.36,103.18,99.92,97.1,99.48,100.84,104.79,96.16,125.07,100.54,91.69
2018-03,106.17,99.61,100.18,100.71,116.33,114.73,99.55,100.58,99.06,100.65,101.29,100.26,102.66,106.49,120.43,104.13,94.66,102.13,97.0,105.8,98.91,97.53,99.92,105.81,98.29,103.44,109.64,101.63,101.6,97.25,99.61,100.76,102.36,94.97,122.52,100.52,92.18
2018-04,105.33,99.54,100.26,102.3,117.38,118.81,99.77,100.9,99.58,100.95,101.12,100.29,103.41,107.04,120.74,103.38,93.33,101.96,95.54,106.44,99.07,98.18,99.87,106.76,98.62,103.54,109.46,102.28,101.86,97.47,100.13,101.3,100.4,93.24,119.73,101.8,92.43
2018-05,105.05,98.89,99.47,102.28,115.38,117.82,98.27,100.18,99.13,100.08,100.51,100.05,102.28,105.14,118.92,102.39,94.36,101.24,95.37,107.5,98.77,98.07,99.45,100.95,97.86,101.34,109.01,99.31,101.5,96.91,100.65,101.39,99.84,93.09,114.53,100.25,95.3
2018-06,105.81,98.85,99.39,100.92,115.14,118.3,98.05,99.83,99.77,100.05,100.33,100.03,103.21,103.41,117.61,102.17,94.87,101.27,95.93,106.58,99.19,97.85,99.47,98.12,97.38,102.43,110.6,98.87,101.44,97.07,100.53,101.56,100.62,94.69,113.61,99.85,96.91
2018-07,106.23,99.01,99.96,101.62,114.2,119.09,98.76,101.24,100.29,100.32,100.75,101.1,101.93,103.81,118.74,102.99,94.63,102.07,96.18,105.19,98.58,97.61,98.84,106.04,99.01,102.0,112.0,98.99,101.16,97.34,100.03,101.29,101.53,94.64,111.73,99.68,97.16
2018-08,106.04,98.75,100.01,102.58,114.79,117.14,99.55,100.99,101.13,100.72,101.21,101.13,102.14,104.42,119.38,102.87,95.53,102.56,97.85,107.14,98.76,97.51,100.01,108.04,99.04,101.18,110.37,100.06,100.83,97.46,100.35,101.6,99.81,96.17,92.79,99.25,97.63
2018-09,104.09,99.64,100.43,101.96,111.29,114.81,99.61,100.73,101.36,101.29,101.3,101.75,104.46,104.21,115.47,102.88,97.32,102.4,96.78,107.94,99.54,99.05,100.4,107.37,98.92,100.07,111.01,99.97,102.14,97.64,100.9,102.18,100.66,97.6,91.76,100.09,97.62
2018-10,103.58,99.49,100.36,102.74,112.12,112.63,98.42,100.19,100.96,100.64,100.57,100.95,104.2,104.29,110.51,101.79,95.87,101.44,96.78,107.07,99.34,98.86,99.94,107.34,98.5,99.7,111.61,99.45,101.25,97.2,100.46,102.28,100.28,95.81,103.19,100.41,98.16
2018-11,106.24,99.61,100.33,101.45,112.66,109.77,97.81,99.74,100.32,100.4,100.13,99.99,102.24,104.42,106.32,101.04,94.67,100.96,96.62,107.28,99.2,98.68,99.93,102.95,98.07,103.53,110.14,99.44,100.72,97.09,100.37,101.91,101.04,95.75,111.6,100.64,99.04
2018-12,104.76,99.75,100.24,99.55,111.69,109.15,98.27,99.45,100.19,100.37,100.27,100.05,102.43,103.97,108.59,101.31,93.09,100.96,97.1,106.93,99.09,98.21,99.7,104.47,98.1,104.09,107.96,99.78,100.69,96.99,99.84,101.56,101.76,96.33,111.82,98.85,98.55
2019-01,103.37,99.2,100.23,99.9,111.36,110.3,100.25,99.87,99.84,99.92,99.79,98.94,100.64,105.42,109.47,100.42,94.28,101.06,99.2,105.82,99.5,98.37,98.96,109.01,98.12,102.68,108.2,99.65,99.84,97.98,98.84,100.26,101.04,96.15,111.67,99.5,97.39
2019-02,102.5,98.46,99.83,100.91,113.85,111.81,99.33,99.75,99.32,99.68,99.01,98.5,99.97,105.96,109.25,100.25,95.4,100.35,96.92,105.32,98.91,97.89,99.94,108.24,98.17,103.06,108.68,98.63,99.05,97.58,99.0,99.76,98.69,95.07,113.52,100.71,97.11
2019-03,101.78,98.78,99.54,100.07,112.55,111.82,98.95,99.14,99.11,99.24,99.33,98.39,101.41,106.56,109.5,100.36,95.93,100.13,96.21,104.23,99.42,98.2,99.62,108.13,98.03,103.27,108.5,98.65,100.35,97.69,99.22,99.59,98.2,95.36,109.94,101.92,97.69
2019-04,102.51,98.3,98.99,100.06,112.9,111.23,98.42,98.74,99.72,99.14,99.09,98.82,102.0,105.11,109.51,100.12,96.76,99.77,96.0,103.56,99.52,98.27,99.28,109.3,98.14,101.59,109.36,99.42,100.31,97.42,99.59,100.13,98.45,94.74,106.26,101.36,98.02
2019-05,101.19,98.64,99.07,100.2,110.77,107.6,98.98,99.03,100.22,99.3,99.35,99.26,101.21,104.69,108.19,100.08,98.22,99.92,98.51,100.91,99.82,98.65,99.53,108.62,98.18,100.41,107.88,99.68,100.43,97.92,100.61,100.52,96.58,95.3,102.9,100.75,99.12
2019-06,101.05,98.61,99.12,101.11,110.24,108.88,99.89,98.9,100.37,99.45,99.77,99.75,101.73,105.22,106.33,100.79,96.9,100.1,99.79,101.34,100.11,98.35,99.46,107.5,98.29,100.89,108.45,100.82,100.5,97.93,100.88,100.47,97.56,96.73,106.41,98.64,98.76
2019-07,101.57,97.74,98.68,102.93,110.94,110.29,100.26,99.15,99.73,98.46,99.06,99.58,99.69,104.34,106.45,100.05,97.91,99.54,99.33,100.38,98.64,97.61,98.43,109.03,98.77,102.2,109.78,100.65,98.98,97.68,99.75,99.37,98.25,96.7,111.0,97.24,98.38
2019-08,99.72,97.99,98.76,102.1,108.88,105.69,99.7,99.39,101.03,99.42,99.71,99.77,99.28,104.0,108.93,100.63,100.06,100.12,102.87,98.9,99.41,97.81,99.59,106.26,99.47,99.81,106.13,98.91,98.97,98.27,100.25,99.48,96.65,98.5,113.57,96.13,99.98
2019-09,100.41,98.17,97.93,101.82,108.4,106.51,98.32,98.48,100.37,98.88,98.93,99.3,101.02,101.79,108.4,99.64,99.64,99.09,101.64,100.66,99.01,98.37,99.36,107.15,98.34,98.5,106.38,98.19,99.88,98.21,99.81,99.09,96.86,97.6,114.03,98.27,100.11
2019-10,99.65,98.29,98.1,102.0,108.04,104.8,99.12,98.61,100.09,98.82,98.61,98.97,100.85,102.37,108.45,99.08,99.5,98.74,100.47,101.1,99.1,98.13,99.17,108.49,98.52,97.79,104.28,99.3,99.53,97.72,99.67,99.85,95.69,96.44,113.65,99.63,99.42
2019-11,99.96,98.39,98.04,101.26,99.85,105.56,99.77,98.02,99.55,98.43,98.46,97.88,100.04,101.6,109.11,98.65,99.79,98.36,99.19,101.31,98.69,97.91,99.24,109.28,97.88,98.49,104.14,99.53,99.29,97.72,99.67,99.85,96.95,96.14,114.82,101.71,98.89
2019-12,100.75,98.83,97.93,101.53,100.19,105.89,99.85,97.45,98.86,98.26,98.74,98.2,100.57,102.55,109.74,98.76,99.45,98.36,98.55,100.65,98.11,97.85,99.14,110.68,97.74,101.33,104.33,100.4,98.96,97.27,99.28,99.58,98.69,96.54,112.44,102.77,98.12
2020-01,100.08,98.14,98.49,101.96,99.61,107.67,102.39,97.68,98.19,97.67,98.04,97.51,98.58,102.43,107.74,97.75,99.16,98.19,97.49,100.73,98.13,97.95,98.38,112.51,96.66,101.38,105.42,101.79,98.29,97.94,98.17,98.38,96.55,97.75,112.47,102.26,97.65
2020-02,97.85,97.73,97.94,101.03,97.86,106.04,102.83,97.77,98.3,97.57,97.43,97.17,97.67,101.3,107.35,97.37,100.73,97.52,97.35,99.06,97.98,97.61,99.22,113.21,96.7,99.35,102.63,101.37,97.37,97.67,98.49,97.77,96.41,98.24,111.55,102.92,98.76
2020-03,91.72,99.42,99.53,97.05,95.21,96.7,98.4,99.68,100.15,99.97,99.23,99.71,100.9,100.58,101.96,100.06,97.48,99.5,101.6,98.34,100.82,100.07,99.47,96.1,98.84,95.95,93.91,99.56,99.94,99.57,99.08,99.01,95.5,100.67,108.3,98.39,102.42
2020-04,93.44,99.57,99.43,96.94,95.56,96.71,95.95,99.71,99.83,99.58,99.21,100.03,100.62,97.11,97.15,99.33,99.78,99.68,102.99,99.11,100.43,100.34,99.37,88.71,99.26,96.14,94.09,97.2,100.26,100.01,98.41,99.49,95.11,100.54,102.66,100.51,104.41
2020-05,96.17,99.01,99.41,97.8,99.74,99.67,96.31,99.49,98.89,99.32,99.53,100.17,99.95,99.18,97.7,99.09,100.91,99.6,103.41,98.58,99.84,99.64,99.28,92.25,99.23,96.95,96.89,97.47,99.9,100.27,99.35,99.61,98.27,100.52,102.72,99.4,103.91
2020-06,100.28,99.7,99.84,100.28,101.26,101.29,99.3,99.68,99.68,99.6,100.1,100.69,100.32,100.57,101.03,100.39,100.58,100.13,100.94,99.21,99.61,99.78,99.96,96.41,100.02,100.32,99.8,100.11,100.85,100.0,100.71,100.44,100.16,99.85,102.8,98.66,101.77
2020-07,101.93,100.33,100.41,99.84,101.53,101.69,100.81,100.82,100.0,100.37,100.98,100.16,99.01,101.09,97.71,100.75,100.44,100.4,100.76,98.67,100.34,99.91,99.74,95.66,101.61,101.51,101.45,100.17,99.98,100.36,100.97,99.91,102.01,100.32,101.26,98.96,101.24
2020-08,103.74,100.69,101.35,100.83,100.59,97.39,103.12,101.29,101.52,101.32,101.72,101.12,99.22,102.58,97.05,101.87,100.07,101.68,100.23,98.97,100.52,100.39,101.02,96.15,101.94,100.26,102.73,102.21,100.19,100.62,101.52,100.75,103.27,101.06,94.55,100.2,99.94
2020-09,104.09,101.18,100.98,100.44,101.82,97.7,100.12,101.24,101.42,101.39,101.04,101.08,101.31,98.84,96.78,101.21,99.14,100.89,99.75,99.55,100.88,101.23,101.08,98.37,101.6,100.93,101.06,100.66,101.18,101.06,101.27,100.83,102.04,100.54,92.07,99.36,99.25
2020-10,102.2,101.19,100.97,100.58,100.22,95.21,98.36,101.26,100.85,101.32,100.71,101.06,101.44,98.4,96.47,100.26,100.06,100.86,99.35,101.41,100.9,101.41,100.85,100.44,101.91,100.31,99.69,99.05,101.03,101.12,101.43,101.16,102.11,100.69,89.11,99.32,98.56
2020-11,103.29,101.11,100.64,101.25,102.21,97.68,100.93,100.73,100.6,100.8,100.7,100.42,100.25,98.66,97.24,100.36,100.1,100.51,98.69,102.98,100.32,100.9,100.59,104.3,100.8,102.67,100.15,99.93,100.55,100.71,100.44,101.08,103.52,99.85,90.12,100.21,97.02
2020-12,105.21,101.92,101.0,102.01,104.38,102.24,101.49,100.65,100.57,101.11,101.31,100.89,100.73,99.23,101.84,101.55,101.54,101.04,97.44,103.37,100.23,100.76,101.03,105.91,101.41,104.22,102.18,100.48,100.46,100.68,100.15,101.56,105.05,99.98,92.37,99.81,95.06
2021-01,107.17,100.28,100.85,102.67,106.08,101.38,102.9,100.21,100.54,100.65,100.69,101.46,98.58,99.48,100.14,100.92,101.3,101.02,97.05,102.75,99.98,100.59,101.07,106.36,100.39,104.84,104.9,99.87,99.61,100.16,99.01,100.82,104.76,99.67,97.2,100.5,94.62
2021-02,107.51,100.07,100.33,103.08,105.95,99.92,103.33,100.02,100.59,100.19,99.91,101.19,97.94,99.79,100.76,100.38,99.66,100.31,95.02,101.65,99.57,99.96,99.82,104.57,100.46,105.55,105.73,100.4,98.74,99.62,98.61,99.44,104.21,98.48,102.23,102.07,94.99
2021-03,108.41,100.84,100.02,104.74,106.99,99.81,101.82,99.61,99.97,100.07,100.05,101.37,98.91,98.0,103.2,100.26,100.05,100.17,93.11,101.43,99.9,100.61,100.8,103.14,100.23,105.36,106.38,98.61,99.59,99.96,98.7,100.0,102.93,96.18,96.36,103.41,96.76
2021-04,108.44,100.5,100.22,105.14,109.8,98.69,103.11,99.76,100.26,100.41,100.04,101.56,99.82,99.88,104.39,100.83,101.21,100.5,91.83,102.74,100.49,101.3,100.64,106.85,100.6,105.53,107.77,100.0,99.63,99.77,99.61,101.12,102.89,96.5,91.42,103.35,96.82
2021-05,108.41,100.6,100.27,107.9,108.0,96.1,104.68,99.83,100.94,100.35,100.33,101.66,99.48,102.22,105.42,101.02,100.64,100.43,91.04,101.15,100.48,101.47,100.79,106.21,100.67,106.44,107.04,100.98,99.66,100.29,100.38,101.56,103.26,97.37,88.43,104.23,96.22
2021-06,107.08,100.54,99.9,106.93,105.56,96.93,105.04,99.33,101.45,99.65,99.86,101.25,99.91,103.31,107.1,100.39,100.97,99.9,90.25,101.2,100.05,101.33,100.52,106.12,100.24,105.82,106.21,101.1,99.32,100.27,100.47,101.53,103.05,97.02,87.79,104.48,97.19
2021-07,105.21,100.24,100.12,105.03,103.68,94.07,105.0,99.67,102.07,99.36,99.22,101.06,97.87,101.31,106.63,99.76,101.54,99.68,91.11,100.04,99.94,101.68,99.53,107.27,100.07,106.08,104.29,99.73,98.7,100.37,100.35,100.08,102.11,97.07,90.85,104.11,98.56
2021-08,103.74,99.89,100.12,104.51,100.15,93.28,105.88,99.01,102.35,99.19,99.34,100.57,97.18,102.56,105.55,99.78,103.14,99.54,91.44,99.04,99.87,101.63,100.06,106.84,100.03,106.94,103.4,99.33,98.03,100.23,99.95,100.05,101.99,97.67,93.04,104.73,98.78
2021-09,103.8,100.12,99.6,103.79,100.39,94.66,105.93,98.77,103.04,99.02,98.82,100.57,99.25,102.07,103.85,100.05,103.51,99.05,91.15,98.01,100.34,102.53,100.06,107.4,99.79,108.27,106.41,99.62,98.6,100.72,99.62,100.63,102.43,96.42,92.94,104.06,98.68
2021-10,105.36,99.72,99.97,105.98,97.81,95.91,105.35,98.41,101.48,98.47,98.03,99.81,99.77,99.76,104.03,99.26,103.45,98.58,88.25,97.32,100.12,102.96,99.95,105.5,99.85,108.3,108.77,99.08,97.94,100.44,99.63,101.5,102.52,96.8,88.48,105.13,99.5
2021-11,104.53,99.72,100.44,105.01,98.42,93.16,105.2,98.01,102.59,98.15,97.58,99.09,99.82,98.77,104.1,98.68,107.22,98.42,87.59,97.59,100.52,103.32,99.88,104.4,99.85,108.37,107.01,98.19,97.87,100.38,99.83,101.19,102.35,97.58,78.99,104.91,100.31
2021-12,103.4,99.89,100.13,102.89,95.01,92.54,105.76,97.27,105.38,97.68,97.34,98.77,100.4,97.81,105.72,98.53,107.66,98.45,87.74,97.89,100.32,104.1,99.44,104.64,100.17,105.83,105.65,99.44,97.43,100.11,99.62,102.19,100.98,98.0,70.87,104.88,101.02
2022-01,103.82,98.74,101.61,104.39,98.58,92.3,113.11,97.9,104.56,98.31,96.68,98.1,98.96,100.55,106.15,97.34,106.59,99.12,86.66,97.14,99.25,105.44,98.6,106.51,99.73,105.08,105.38,101.78,97.05,101.29,98.9,100.74,98.72,97.56,78.55,105.57,100.89
2022-02,103.4,99.21,101.57,103.69,99.15,93.86,113.81,98.22,105.47,98.29,96.68,98.1,99.22,101.29,109.64,97.59,103.58,99.27,85.89,96.58,100.24,106.72,100.04,106.61,99.65,103.74,105.4,100.68,96.63,101.35,99.45,100.77,97.09,96.85,81.06,105.17,100.82
2022-03,107.39,99.57,100.16,105.09,101.68,97.56,111.15,96.91,107.58,98.57,96.16,98.39,100.4,95.17,107.47,97.06,103.79,98.42,83.97,95.81,102.97,108.84,99.41,106.52,101.51,107.09,107.45,97.85,97.02,102.04,96.96,101.93,96.77,97.21,80.81,104.11,102.44
2022-04,109.04,98.41,98.84,105.92,101.22,98.77,113.74,96.73,107.72,96.05,95.22,97.24,100.67,95.47,109.63,96.46,104.23,96.58,79.3,96.01,101.43,106.87,99.22,109.68,100.25,106.91,108.15,100.16,98.21,101.53,97.75,100.21,97.81,96.38,85.79,105.16,103.16
2022-05,107.03,98.47,98.69,105.85,100.41,95.46,113.45,97.15,107.61,96.01,95.27,97.53,100.63,93.85,111.13,96.46,101.84,96.57,79.44,96.14,103.04,106.96,98.59,110.77,98.84,104.12,102.2,101.09,98.53,102.33,98.9,100.49,96.68,94.75,84.07,103.36,106.18
2022-06,107.06,99.28,98.94,105.93,100.04,97.66,114.6,97.36,109.19,95.81,95.43,96.82,101.69,91.6,112.06,97.19,100.89,97.11,75.97,95.77,103.94,107.93,98.81,111.05,98.29,103.96,101.0,101.93,98.57,102.86,100.91,101.86,96.46,95.66,80.56,102.62,107.42
2022-07,106.51,99.02,98.39,105.72,92.56,90.06,115.48,97.3,109.88,94.73,94.29,95.67,98.48,91.08,111.56,95.69,101.9,96.12,75.7,95.14,105.03,108.16,96.77,109.84,98.95,103.72,102.18,98.56,97.73,102.54,100.68,100.26,95.59,97.73,82.05,102.62,109.2
2022-08,108.83,98.37,98.42,105.55,98.66,91.5,115.38,96.51,111.85,94.17,94.11,95.32,97.67,92.58,110.1,95.19,106.85,96.28,77.01,94.14,104.77,108.64,97.03,112.82,100.3,105.29,104.81,99.76,96.86,102.75,100.13,99.91,97.25,99.24,80.57,103.03,108.69
2022-09,107.6,99.12,98.69,103.2,99.56,91.3,115.43,97.39,111.29,94.32,92.98,96.63,99.93,95.17,109.68,94.68,103.76,95.85,74.54,91.22,105.31,110.76,96.52,115.16,102.18,102.73,102.41,100.26,97.72,102.87,98.35,98.6,95.49,98.84,83.13,99.25,111.25
2022-10,104.27,99.59,100.41,101.14,97.47,87.17,113.38,98.01,109.77,95.1,93.42,97.01,98.06,93.2,108.99,95.56,102.12,98.77,73.7,90.64,105.81,111.6,96.47,116.82,102.79,100.48,100.33,100.23,98.23,103.78,98.4,98.28,93.78,96.79,85.24,101.3,112.98
2022-11,106.81,100.17,100.96,102.38,101.17,82.77,116.02,97.56,111.07,96.87,94.46,97.92,98.49,97.98,105.75,97.15,102.01,100.03,75.19,93.81,107.16,112.1,96.67,119.68,100.27,105.08,101.21,103.85,98.86,104.63,99.37,98.76,95.93,97.27,85.13,102.94,110.17
2022-12,106.7,100.91,101.63,99.7,103.83,84.68,117.3,97.62,112.04,97.73,95.03,98.16,98.47,100.34,104.49,98.22,100.94,101.14,77.66,96.09,107.82,113.51,96.52,117.73,101.51,107.45,100.74,105.06,98.92,105.15,100.02,99.55,97.69,97.88,83.61,104.33,107.43
2023-01,107.71,101.0,101.65,99.73,108.58,85.76,125.63,98.09,112.88,98.32,95.03,98.56,97.44,105.16,103.12,97.44,99.44,100.76,78.93,98.29,108.15,114.12,95.76,120.43,99.68,105.94,98.45,106.98,97.8,106.38,99.46,98.85,94.55,97.44,87.01,101.92,105.68
2023-02,108.05,101.23,100.27,99.81,112.33,85.34,126.96,98.3,113.15,98.75,95.47,98.75,97.18,108.37,104.59,98.35,97.1,100.27,77.14,96.33,108.44,114.61,96.93,123.4,100.2,105.17,96.1,106.55,97.33,106.74,99.5,99.12,95.38,98.12,89.53,102.12,106.18
2023-03,105.24,101.4,100.51,98.43,112.26,86.92,126.76,97.79,113.86,99.4,96.1,99.4,98.23,108.69,107.16,99.17,95.43,99.53,77.47,94.81,109.06,114.96,96.8,125.17,100.19,104.88,93.8,108.61,98.64,107.66,99.27,99.13,95.17,97.91,90.77,103.06,106.81
2023-04,104.77,102.12,100.0,99.74,112.28,90.86,128.12,98.21,116.88,100.29,97.04,100.24,99.19,112.37,109.16,100.25,94.53,100.29,77.51,93.13,109.78,115.37,97.76,126.61,101.69,104.27,93.43,110.91,99.04,108.22,100.8,99.88,94.84,98.94,89.73,104.97,105.93
2023-05,105.3,102.1,100.09,100.08,113.86,91.58,127.29,96.72,116.4,100.36,96.74,99.88,99.43,112.61,108.79,100.13,94.38,100.38,76.01,94.04,110.67,114.53,97.65,129.13,101.69,105.65,91.92,113.27,98.23,107.93,101.64,99.68,94.85,99.93,88.29,106.81,106.73
2023-06,107.59,102.66,99.95,101.91,114.19,99.32,127.44,97.27,117.88,100.93,97.1,100.39,100.64,113.64,110.68,100.85,95.84,100.63,74.3,97.4,109.3,114.75,98.02,133.16,101.48,105.36,92.9,115.62,98.44,108.14,103.32,100.53,93.39,99.94,76.56,108.81,107.21
2023-07,107.56,103.05,101.14,102.52,111.83,102.39,127.84,99.47,117.94,102.12,97.58,101.26,99.96,111.98,113.06,101.71,94.75,101.15,74.33,98.04,110.91,115.17,97.6,135.74,103.06,106.89,96.78,116.68,98.21,108.32,103.85,101.1,94.15,101.66,74.3,109.13,106.21
2023-08,104.96,102.96,101.41,101.04,107.29,103.82,126.34,98.47,118.74,101.24,98.04,101.12,99.24,110.47,115.4,101.65,93.57,100.87,73.05,96.73,110.34,115.02,98.51,136.43,103.04,104.86,95.29,115.68,97.97,108.09,103.41,101.02,92.46,102.08,80.62,108.72,107.68
2023-09,105.43,103.01,100.24,100.85,105.13,106.82,123.36,97.63,118.24,101.48,96.94,100.9,100.42,110.0,114.65,100.87,92.38,100.45,72.3,97.19,109.7,115.58,98.46,134.95,102.04,105.4,94.32,110.98,98.74,108.29,103.24,100.66,92.23,101.0,85.37,108.04,109.09
2023-10,105.51,103.08,100.23,100.15,101.49,102.49,121.92,97.4,117.12,101.25,96.77,100.46,100.67,109.82,113.35,100.86,89.59,99.89,72.46,96.84,108.73,115.41,98.17,130.14,102.17,105.93,93.31,113.12,98.31,108.19,103.15,100.68,93.74,101.28,86.25,106.78,110.42
2023-11,107.45,103.8,101.0,99.55,105.34,106.03,122.99,97.5,117.04,101.1,97.21,100.5,100.73,112.07,110.71,101.02,92.35,99.91,71.39,98.66,108.53,114.54,98.26,135.44,101.65,106.67,92.84,117.42,98.44,108.45,102.38,100.86,95.37,100.93,85.1,107.1,108.38
2023-12,109.71,103.75,101.24,100.55,105.7,108.31,122.07,96.4,116.41,100.88,97.06,100.28,100.41,110.54,111.05,100.68,94.91,99.88,73.56,97.43,107.38,113.59,97.83,136.94,101.4,109.26,94.55,119.03,97.87,108.49,101.7,100.73,98.83,102.87,85.17,108.28,106.61
