Period,AUT,AUS,BEL,CAN,CHE,CHL,COL,CZE,DEU,DNK,ESP,FIN,FRA,GBR,GRC,HUN,IRL,ISR,ITA,JPN,KOR,LUX,MEX,NLD,NOR,NZL,POL,PRT,SWE,TUR,USA
1990-03,96.9,121.3,90.3,130.8,197.3,62.4,,,107.7,156.1,74.7,117.5,117.6,112.6,42.6,59.7,70.7,,62.7,205.9,108.4,,21.1,159.3,176.6,95.8,,81,150.5,15.1,125
1990-06,98.9,121.2,92.1,132.2,198.6,60,,,106.2,155,75.8,122.2,118.4,114.1,42.3,59.1,71.3,,63.5,204.3,110.1,,22.9,162,177.6,95.5,,82,152.3,15.2,125
1990-09,99.4,120.6,92.5,133.7,197.8,58.6,,,105.7,153.1,76,126.8,118.6,113.8,40.8,59.4,75.5,,61.6,206,110.4,,22.9,163.4,174.3,97.4,,78.3,154.1,15.4,124.7
1990-12,101.2,121,93.1,134.8,196.6,63.5,,,106.3,155.6,75.6,128.9,123.7,114.7,39.8,60,76.7,75.7,68,207.6,115.9,,24.9,164.4,170.8,98.8,,77.1,155.9,16.5,124.6
1991-03,100.2,122.6,94.6,136.7,196,60.5,,,105,152,76.2,130.7,124.4,115.3,39.3,57.9,79.4,77.5,64.7,205.6,119.7,,25,166.6,168.8,101.7,,78.8,152.8,16.2,123.9
1991-06,102,121.6,95.8,138.1,197.3,58.1,,,105.2,153.4,77.1,133.6,125.5,117.1,38.7,55.7,81.4,76.4,67,204.5,119.9,,26.6,165.2,168.6,106.1,,81.7,150.2,16.3,124.2
1991-09,101.5,119.6,95.7,139.3,196.2,57.6,,,106.6,150.3,76.9,138.8,126,116.3,37,55,82.5,76.7,66.1,204.6,122,,27.8,164.9,163.5,105.9,,81.8,148.1,16.2,123.2
1991-12,103,120.2,96.4,141.1,195.6,58.1,,,107.3,152.3,77.5,141.8,128,114.7,37.2,55.7,82.7,76.5,70.4,206.3,122,,31.5,167,158.9,105.1,,82.3,146.8,17.3,122.6
1992-03,101.4,119.6,95.7,141.2,195.6,56.1,,,107.2,151,75.4,147.4,129.1,113.9,35.8,52.9,82.1,74.1,69.4,204.9,122.6,,32.4,168.6,164.7,106.4,30.8,79.6,147.7,16.6,121.5
1992-06,102.8,119.4,97.1,142.6,195.9,57.1,,,107.9,150.1,76,153.4,129.6,113,37.4,53,82.5,73.8,70.8,204.8,122.9,,34.3,169.8,162.4,104.9,29.7,80.3,149.3,17.2,120.5
1992-09,103.6,120.4,96.7,142.9,195.7,58.5,,,108.2,147.7,76.4,159.6,129,112.4,37.2,51.9,82.1,74.9,70.8,205.4,124.5,,35.8,171.9,160.2,108.6,28.5,81.9,151.3,16.8,119.7
1992-12,104.9,117.7,106.5,142.7,195.6,61.3,,,107.9,145.7,77.9,163.6,132.4,115.8,37,48.4,86.8,78.5,74.5,208.6,126.2,,37.5,173.4,164.4,108.6,26.5,85.7,153.4,17.7,118.7
1993-03,104.2,115.9,107.8,144.2,196.6,62.6,,92.4,109.7,144.4,77.3,159.8,135.4,113.2,36.4,48.3,89.2,80.3,73.9,208.5,127.5,,38.3,175.7,162.9,106,25.9,85.4,154.6,18.2,117.7
1993-06,105,113.4,109.1,144.1,196.7,63.9,,92.7,111.3,144.8,78.3,156.2,137.6,112.6,37.2,47.4,87.2,81.7,74,209.2,129.2,,40,174.7,162.5,107.5,25.7,89,155.2,18.7,117.8
1993-09,104.6,113.5,109.3,145.3,194.8,65.6,,91.5,113,145.5,78,152.1,138.3,112.8,36.8,46.7,85.5,81.2,72.7,211.3,132.5,,41.3,173.9,157.7,108.7,25.4,89.8,154.7,18.5,118
1993-12,105.4,112.2,110.2,144.8,190.8,68.9,,90.2,115.7,147.1,78.6,145.4,137,114.3,35.2,46.6,89,85.9,74.9,213.6,130.9,,42.6,176.2,156.1,112.3,24.9,94.5,153.8,19.1,118.4
1994-03,103.6,111.8,109.9,144.8,190.7,67.8,,88.8,113.5,147.2,76.6,145.2,135.8,112.1,34.3,46.2,86.9,85.5,71.5,212.6,131.7,,44,179.4,154.2,114.3,24.3,93.6,151.3,21.3,118.2
1994-06,104.6,112.5,110.7,144.1,190.9,66.6,,89.1,114.2,144.7,76.3,143.1,133.6,109.6,35.4,47.7,86.1,86.9,71.3,211.3,133.2,,45.4,180.4,151.5,112,23.2,93.3,148.7,20.7,118.3
1994-09,104.1,112.9,111.1,142.9,191,67.1,,88.3,115.2,140.8,75.1,140,131.5,109.5,34.4,48.7,85,87.8,69.2,212.6,136.2,,46.1,180.5,150.1,112.8,22,93,146.6,18.5,118.2
1994-12,105,112.9,110.8,142.3,190.7,67.7,,88.7,116.4,138,74.8,136.8,132.3,110.9,35.8,48.9,87.1,90.2,71.5,214.2,135.1,,47.2,181.4,146.6,112.9,21.7,96.3,144,19,118.8
1995-03,102.7,113.2,109.8,143,191.3,68.4,,85.1,112.8,137.4,81.8,132.3,130.6,109.9,34.8,47.7,86.9,90.2,70.3,213.3,135.7,109.3,48.3,181.2,145.1,113.7,21,93.6,140.6,17.8,118.6
1995-06,103.5,113.6,109.1,141.8,191.7,66.2,,83.6,114,137.7,81.5,127.7,131.6,110.5,35.1,47.3,87.3,88.2,70.8,211.2,136.5,110.3,48.6,182.8,144.6,116.2,20.6,93.2,137.2,16.4,119.5
1995-09,103.8,113.5,107.1,141.9,191.1,68.4,,82.1,114.3,137.2,80.3,123.9,131,109.9,35.2,47.2,86.5,86.4,69.3,211.7,136.7,110.4,48.1,180.8,143,116.3,20.8,92.9,134.1,16.3,120.1
1995-12,106.5,114.2,106.4,141.9,193.2,72.6,,80.2,115.3,138.7,79.8,118.4,130.8,112,36,45,88.7,88.2,69.8,212.5,136.5,111.2,46.9,180.1,142.1,123.9,21.7,93.4,131.4,19.3,120.8
1996-03,103.4,114.7,106.8,142,195.6,73.9,,81.1,116.1,140.8,78.6,117,129.9,109.2,36.2,43.8,87.8,88.4,68.4,210.8,137.9,107.1,44.2,182.9,142.2,121.6,21.8,98,130.5,19.9,121.1
1996-06,106.3,115.5,108.6,142.1,196.3,74.2,,82.1,117.5,140.9,79.3,116.8,129.7,109.7,36.7,43.8,88,90.1,68.2,208.8,140.5,108.6,42.1,184.7,142.3,124.3,22.3,99.4,128.4,20.2,121.6
1996-09,108.2,114.3,109.6,142.2,195.5,77,,80.9,118.6,141.1,78.5,115.9,128.8,109.4,36.8,44.6,88,89.9,67.2,207.7,144.9,107.1,40.3,185.8,140.5,119.5,23.5,100.1,128.2,21,121.8
1996-12,108.7,115.9,110.4,142,196.5,80.7,47.6,80.4,120.2,141.1,79.5,115.2,129.6,108.7,36.6,48.1,87.9,90.6,68.2,208.5,145.6,111.8,38.7,187.5,139.4,122.3,25.4,102.3,130.2,23.8,121.6
1997-03,107.8,115.8,113.1,144.2,198,82.1,49.2,90.6,120.6,141.8,79.8,116.7,130.3,108.2,37,47.2,89,90.4,67.2,205,150.8,122.2,38.2,193.9,142.2,122.9,26.1,104.6,139.9,24.2,121.3
1997-06,111.5,117.3,115.2,144.7,198.1,82.1,50.6,91.6,121.6,143.1,81,117.4,130.6,110,38.2,48.3,94.3,93.8,67.7,203.9,151.6,132.4,37,197.7,146.8,124.9,26.4,104.3,139.6,25.6,121.8
1997-09,113.3,118.2,116.6,145.1,196.3,84.2,52.7,89.3,122.1,144.7,81.8,117.9,130,112.1,38.3,48.5,95.6,93.6,66.6,203.3,153.3,145.3,34.6,200,147.7,127.9,26.9,104.1,139.1,25.6,122.5
1997-12,113.6,121.3,117.6,145.1,195.4,88.4,54.2,88.9,123.2,145.4,82.7,116.6,129.8,112,38.5,49.7,97.1,95,67.7,206.2,160.3,155,33,192.4,150.5,134.5,27.1,106.1,136.4,28.6,122.9
1998-03,110.8,121.7,117.3,146.5,194.8,90.9,53.9,86.9,123.2,145.5,83.5,113.9,129.5,113.6,40.7,49.3,101.6,93.9,67.1,203.2,158.9,149.9,32.7,197.5,154.6,131.9,28.7,112,139,27.5,123.6
1998-06,112.3,124.5,120.6,148.7,194.7,93.8,54.2,83.7,123.8,146.6,86.1,111.8,129.1,115.2,41,50.5,102.8,95.8,67.5,202.8,158.6,143.4,32.4,198.4,160.9,135.1,30.3,113.3,138.7,28.1,125.5
1998-09,112.8,125.3,122.1,150.8,192.3,94.1,55.5,80.9,125.1,146.7,86.4,109.9,128.5,118.9,40.7,51,103.3,97.5,66.6,203.8,162.6,137.6,32.2,201.7,162.3,137.2,32.1,114.8,141.3,25.4,126.5
1998-12,114.3,126.6,123.7,151.3,191.6,95.7,54.4,76.7,127.6,145,88.7,108.7,127.9,120,41.8,49.3,106.2,102.4,68.3,199.3,159.3,127.2,30.2,202.9,165.3,138.5,33.5,118.9,141.2,25.8,127.7
1999-03,113.5,127.8,128.7,149.9,196.2,99.2,54.7,78.9,125.3,150.5,92.5,111.7,128.1,123.1,43.6,50.5,110.4,101.2,68.5,195.9,164.9,130.3,29.3,207.7,167.7,137.6,34.8,120.1,143.8,25.6,128.7
1999-06,114.6,127.4,131,148.8,199.4,104.5,55.5,78.1,127.4,152.1,99.3,114.6,130.6,125.8,43.4,51.9,118.1,101.6,71.9,193.9,156.9,131.2,28.6,209.4,169,136.5,35.3,125.6,143.5,25.3,129.7
1999-09,118.2,129.1,134.3,147.2,201.3,106.7,55.1,78.7,128.7,151.2,100.6,113.8,131.7,126.8,44.2,52.6,121.7,104.4,72.6,193.5,153.2,128.9,26.5,212.4,165.8,138,36.7,128.3,143.3,25.6,131.4
1999-12,121,131.9,136.3,144.6,199.8,105.4,53.9,75.6,131.8,153.1,103.7,112.3,133.4,128.7,45.1,53.5,128.2,106.8,75.6,196.3,144.7,129.5,25.7,214.4,164.2,141.5,36.6,131.2,146.8,25.6,132.3
2000-03,120.5,132.9,138.7,147.1,193.8,103.3,50.9,71.9,133.4,159.1,107.8,114.1,133.4,130.1,46.9,54.6,133.1,106.1,75.1,193.6,144.4,129.9,25.1,214.5,161.6,144.2,37,136.7,145.5,25,133.2
2000-06,123.4,135.1,140.9,146.2,193.3,105.5,49.4,71.4,135.4,156.4,111.7,115.5,134.9,133.5,49.4,57.1,128.2,106.2,75.8,189.7,141.2,129.6,25.4,215.8,159.9,145,40.2,138.6,145.9,25.4,134.1
2000-09,129.1,135.9,143.3,145.6,191.1,106.5,48.1,73.6,135.1,161.3,115.7,121.3,136.8,135.2,51.9,58.8,130.3,105.4,76.5,189.1,141,129.1,24.5,217.5,162.8,145.7,39.4,140.8,149.2,26.2,134.6
2000-12,127.8,139,146.2,143.9,191.3,109.4,46.9,71.5,140.6,160.1,117.9,121.7,137.7,136,53.9,60.5,128.7,106.9,79.3,187.5,138.3,129.6,24,219.7,156.3,147.2,39.5,142.8,153.6,25.7,135.2
2001-03,126.9,141.2,147.1,146.7,196.1,111.6,46.3,73,141.2,160.5,118.5,121.5,139.2,139.5,55.9,61.9,128.3,107.7,79.8,184.9,139.3,140.9,23.5,216,156.5,149.9,40.2,146.8,152.6,29.4,134.7
2001-06,126.7,139.9,149.2,146.7,192,113,46.3,74.6,141.7,162.6,121.6,121.9,141.2,140.4,57.8,60.5,129.7,108.7,80.7,182.3,138.9,152.1,22.5,216,159.3,150.9,40.7,149.5,154.7,29.2,136.8
2001-09,127.7,140.7,150,149.6,188.7,117.6,46.1,65.4,142.3,165.4,124.9,120.2,141.9,141.7,59,61.9,128.3,112.3,80.8,182.1,140.8,161.9,22.6,215.3,158.5,143.8,42.9,152,156.2,31.3,138.9
2001-12,129.4,139.4,152.2,150.6,186.8,112.3,46,64.5,141.8,169.9,126.8,117.4,142.8,144.4,61.1,62.2,134.7,115.5,82.8,182.8,139.6,171.1,22.6,217.1,164,144.5,42.3,154.4,161.1,27.6,139.8
2002-03,128.6,139,151.1,153.9,189.7,111.7,45.7,64.1,141.5,168.6,128.9,124.4,143.2,146.5,61.5,60.5,135.4,118.2,82.9,182.1,142.3,173.2,22.1,216.7,169.3,146.8,43.4,154.7,159.7,24.1,140.4
2002-06,128.9,142.3,150.7,155,188.4,113.9,47.5,63.3,143.4,168.1,130.3,123,143,149.1,63.1,62.5,137.3,121.6,83.9,180.8,144.6,174.2,23,215.1,171.1,146.5,46,153.9,159.6,23.1,141.5
2002-09,129,144.9,149.9,155.8,188.3,117,47.9,64.5,143.8,170.4,130.6,122.2,142.6,154.5,63.5,62.6,136.3,122.5,83.7,178.4,146.1,175.4,23.2,217.5,173.3,147.2,48.3,156.4,159.1,22.7,142.5
2002-12,129.1,145.2,149.2,154.8,188,113.1,48.2,66.6,144.1,169.4,133.4,119.5,143,154.4,64.8,61.6,132.7,120.1,85.3,179.1,146.2,181.4,23.5,217.3,173.6,148.5,48.9,160.3,161,21.9,143.9
2003-03,128.1,145.7,148.1,151.9,190.6,112.1,46.6,65,144.5,174.3,134.6,120,144.1,152,65.2,63.2,126.3,117.3,85.5,176.6,146.1,196.4,23.3,217.8,176.3,149.6,49.7,165.1,158.7,22.2,144.4
2003-06,128.2,148.2,151,152.1,192.4,107.8,45.7,62.5,145.4,176.3,137,123.1,144.4,154.2,65.7,67.6,129.5,114,86.9,173.4,145.2,212.9,23.1,219.9,180.7,150,48.9,166,160.2,19.1,146.8
2003-09,128.4,149.4,153,151.6,195,104.8,44.8,60.9,145.2,178.3,138.7,124,143.9,154.7,67.6,67.1,133.1,115,86.7,171.1,144.3,225,23.5,222.4,178.9,149.8,48.9,166.2,159.1,19.2,147.5
2003-12,130.9,152.7,155.7,151.4,195.7,100.8,44,60.2,144.3,177.3,143.3,125.4,142.6,154.6,69,72,141.5,116.4,89.4,171,143.1,237.1,23.7,232.2,176.4,150.3,47.8,167.6,157.8,20,147.6
2004-03,130.8,153.1,156.4,154.8,198.6,101.2,42.9,61.9,141.4,182.8,145.8,126.9,142.7,154.4,69.1,71.8,142.6,117.6,89,168,141.2,231.4,23.6,231.4,180.4,151.3,48.2,171.8,156.9,20.7,147.9
2004-06,131.8,155.2,156.7,154.5,193.6,100.1,42.3,61,140.2,183.9,150.5,129,144.3,154.9,71.3,74.8,141.8,117.8,90.8,165.5,138.7,226.4,23.3,230.7,182.8,155.8,47.2,173.5,157.5,23.5,148.8
2004-09,131.4,156.3,157.4,153.7,193.9,98.4,41.4,60.5,139.2,186.2,152.3,129.1,145,157.4,72.1,75.1,147.5,117.1,91.2,163.8,137.4,219.8,23.1,230.9,183.4,154.3,46.1,174.9,156.5,23.2,149.7
2004-12,130.2,158.8,158.5,153.7,194.5,93.6,40.5,59.1,137.9,188.6,156.7,128.9,145.3,158.2,74.2,77.2,159.2,116.1,93.5,164,134.6,217.4,22.9,232.5,181.6,159.7,42.8,176.6,158.9,22.1,151.2
2005-03,130.1,160,157.8,151.1,194.1,94,39.8,59.5,136.7,195,160,129.2,145.3,158.7,76.6,80,158.3,116.3,94.5,163.8,134.1,216.8,23,232.6,181.3,162.9,42,176,159.2,22.4,151.3
2005-06,133.1,164.1,157.8,152.8,194.2,93.8,39.6,60.4,137.3,199.3,165.8,132.4,147.6,162.4,79.7,83.7,160.9,119.7,96.1,161.5,135.8,215.8,22.8,237.5,181.6,165.1,42.5,178.5,163.9,23.4,152.8
2005-09,134.3,166.1,157.2,151.9,192.7,91.7,39.2,60.5,137,203.4,168,132.4,147.9,164.2,81.9,85.9,170.7,121.9,96.6,162.1,136.1,214.8,22.5,238.6,179.9,167.8,42.5,178.7,164.8,24.1,154.1
2005-12,133.8,169.2,156.9,149.7,195.8,90.4,39.6,60.4,136.4,208.1,173.6,133.9,149.3,165.7,86.3,87.9,176.6,121.3,99,162.5,136.9,208,23,236.7,180.9,173,43.3,180.9,167.4,29.1,155.5
2006-03,134.8,170,157,149.9,190,89.6,39.4,62.2,136.7,211.6,179.5,137.5,150,166.6,86,88.1,190.5,121.3,100.1,161.6,137.9,207.9,23.1,235.5,180.3,175,44,182.5,167.4,31.3,157.1
2006-06,136.8,173.9,158.2,149.8,188.6,88.5,40.8,63.2,136.9,213.4,184.5,140.7,151.6,168.9,88.2,94.5,203.1,119.6,102,160.5,141.6,208.6,23.6,233.9,180.7,179.7,46.1,183.2,169.4,35.9,159
2006-09,137.7,176.6,159,152,189.2,87.9,41.1,63,136.3,219.8,188.3,142,152.2,172.2,90.5,94.2,208.2,119,102.7,161,144.4,210.7,23.6,234.9,182.1,182.7,48.3,183.4,169.3,35.4,160.4
2006-12,136.1,178.7,159.1,154.2,193.2,87.6,41.7,64.6,134.6,224.6,194.8,140,153.3,172.2,93.2,93.4,214.2,121.5,105.1,161.1,147.9,214.9,24.4,232.5,182.5,184.2,50,184.2,171.5,35.8,162.1
2007-03,134.7,179.4,162,159.5,200.1,88,41.7,65.1,132.1,227.1,197.8,141.2,154,170.7,93.8,93.2,218.6,123.9,105.8,160.2,149.9,249,24.7,234,188.6,188.1,50.9,185,175.5,35.2,163.2
2007-06,137.1,182,164.6,159.7,201.7,87.8,42.4,65.8,131.2,229.2,205.5,143.1,156.3,171.4,96.4,97.8,221,128.4,108.4,157.1,151.6,277.2,24.8,233,195.4,190.5,52.9,189.4,180.7,36.7,165.7
2007-09,138.2,185.6,167.7,161.3,200.8,90.5,43.1,67.7,129.5,232.7,207.3,143.4,157,174.6,98.7,101.8,226.3,126.4,109.3,157.7,152.6,305.5,25.7,233.5,196.2,190.1,55.6,190.8,184.2,38.4,167.5
2007-12,140.3,187.5,170.1,161.9,201.4,92.2,43.4,69.3,129.3,237.9,209.3,144.8,156.9,176,102.1,108.4,227.4,126.4,113,158.8,154,334.4,27,231.9,200.7,190.9,57,193.9,189.9,40.6,168.8
2008-03,140.7,188.6,174.6,165,199.4,90.9,42.8,70.2,128.1,239,208.3,144.6,157.5,179,105.5,110.4,240.6,124.3,116.5,158.2,157.5,327.9,27,234.4,205.2,191.6,58.6,197.4,195.3,44.4,169.5
2008-06,140.3,188.7,179.4,163.9,204,97.1,43,71.8,127.9,239.9,211.4,148.9,160.5,178.5,108.8,104.8,253,125.1,116.8,158.9,161.3,324.6,26.8,236.3,206.5,194.2,60.2,202.5,202,45.5,169.3
2008-09,140.3,188,184.3,164.2,204.2,104.2,43.2,74.1,128.2,241.2,212.4,152.2,163,179.2,111.9,110.2,266,124,116.8,159.6,164.6,320.9,27.5,235.1,208.2,196.9,63.1,203.9,207,46.4,169.9
2008-12,142.5,188.1,192.1,167.4,198.6,111.6,43.6,76.6,129.9,244.6,214.2,156.1,164.2,185.3,113.9,117.1,283.2,120.5,116.5,163.8,168.3,317.8,28.6,234.7,214.7,199.3,69.8,206.3,217.2,47.3,168.7
2009-03,142.5,185.7,195.9,171,203.1,112.5,43.8,76.2,131.4,249,216.7,161.3,166.5,185,114.7,134.9,288,122.3,119.9,165.6,170.7,332.3,29.3,238.6,219.1,201.6,74,211.1,220.3,47.2,168.1
2009-06,143.3,184.4,199.4,176.7,210,109.8,44.7,77.6,133,252.9,219.3,167,168.8,181.6,114.3,125.6,291.6,121,123.9,167.3,173.2,348.9,28.9,242.9,224.8,200.7,72.4,215,224.4,46.7,168.8
2009-09,145,185.4,202.1,181.8,210.2,111.4,44.6,78.9,133.3,257.9,221.3,164.4,170.5,185.3,116.3,124.4,298.4,121.4,124.4,169.1,174.2,362.7,29.1,246.4,225.5,198.6,71.4,216.2,229,47.9,169
2009-12,145.1,186.4,201.4,183.2,214.6,110.3,45.2,80.7,134,260.6,222.8,165.2,172.1,185.2,117,128.6,302.9,121.6,125.1,170.3,173.5,363.2,28.9,251,224.2,195.5,69.6,215.4,232.2,49,167.4
2010-03,146,185.9,198.8,182,214.9,110.1,44.9,81.2,132.8,262.5,223.8,169.2,172.1,186.3,117.7,128.1,304.5,119.8,125.4,168.4,171.6,355.1,28.6,256.7,222.3,193.8,70.1,215,229.6,50,165.5
2010-06,147.5,184.4,197.6,182.2,218,110.6,45.7,82.2,132.6,258.9,226.8,172.6,171.7,182.3,124.2,134.7,301.7,121.6,125.8,166.6,171,345.2,28.8,261.4,225.5,191.3,72.9,216.5,228.2,52.8,162.9
2010-09,147.3,181.6,192.5,180.9,218.1,105.1,47.1,82.1,131.7,254.3,225.1,170.8,171.4,181.8,124.6,127,294,121.6,125.8,164.3,170.3,337.6,28.5,262.4,225.7,188.8,72.4,214.8,225.5,52.9,160.8
2010-12,147.6,178,189.5,180,214.7,102.8,48.9,82.3,129.6,249.9,224,167.2,172.6,177,129.2,125.7,310.3,121.1,125.8,162.7,168.7,331.3,28.5,264,224.5,186.9,73.2,218,220.1,55.9,158.6
2011-03,145.3,176.6,191,180.3,221,102.7,49,82.5,125.5,249,221.7,168,172.9,175.7,131.1,119.2,311.5,120.4,125.7,161.7,169,329.4,28.9,265.2,224.4,185.6,72.4,220.2,221,57.6,156.9
2011-06,145.4,174.6,194.7,180.3,219.3,102.7,49.5,83.7,124.3,249.1,221.7,167.8,175.4,175.1,133.7,119.7,308.7,119.4,125.9,161.7,170.2,338.5,28.8,269.5,222.4,183.9,73.2,221.5,221.5,61,155.4
2011-09,144.8,174.6,196.4,181.6,221.4,106.6,50,84.5,124.8,254.7,220.4,167.4,177.5,174.1,135.9,124.5,312.9,119.5,125.4,162.6,172.9,341.1,30.4,271,219.3,181.1,76.4,222.8,222.7,61.9,154.6
2011-12,145.2,173.4,199.7,179.4,221.6,109.2,50.3,85.5,124.6,256.7,219.6,168.2,178.8,172.5,132.6,125.8,315,118.4,124.7,163,172.8,345.8,30.6,275.5,217.3,178,77.1,223.2,223.5,61.1,153.8
2012-03,144.4,173.4,203.6,179.9,222.1,108.7,49.4,85.5,124,258.9,220.1,169.1,180.7,174.6,133,119.9,322.4,118.6,125.2,161.9,173.3,357.2,29.8,277.4,226.2,177.8,76.1,224.3,230.1,60.5,152.2
2012-06,145.3,174.4,206.9,181.7,224,111.8,49.4,87.1,124.4,258.9,220.4,169.7,182.6,175.4,135.4,118.7,327.3,117.2,125.9,158.8,174.6,359.9,30.1,280.8,224.8,176.9,76.8,226.1,228.7,61.7,151.1
2012-09,145.1,174.8,206.5,183.7,228.4,111.7,49.6,88.4,124.2,255.8,219.2,170.3,182.5,175.5,135,114.1,326.6,116.3,125.9,159.9,176.2,362.9,30.3,281.6,224.2,177.4,76.6,229,233.1,61.5,150.7
2012-12,143.5,175.6,204.1,184.8,229.2,115.8,50.7,90.5,123.8,257.7,211.5,171.5,182.9,173.1,135.1,115.2,314.7,116,126.9,161,175.3,361.5,30.6,280.5,224.4,179,77.3,231.6,227.1,62.6,150.3
2013-03,143.1,175.9,207.4,187,229.3,115.6,51.3,91.3,123.6,255.6,208.1,176.3,182.8,171,134.7,117.8,307.3,114.2,126.2,161.1,177.3,361.2,30.4,280.6,224.9,179.2,78.1,230.1,231.6,63.5,149.2
2013-06,142.7,179.3,211.2,189.3,229,118.7,53,92.9,124.3,253.8,206.4,176.2,181.4,172.2,134.6,114.2,299.1,113.2,125.9,159.8,177.5,361.2,31.5,281.3,226.1,179.6,80,228.1,234.3,67.9,149.1
2013-09,142.4,179.2,206.7,190.1,228.2,120.5,53.8,93.1,124.4,252.8,204.2,176,181.9,169.7,134.2,111.4,294,113,125.6,159.5,177.2,362.7,32.6,281.5,224.1,178.4,80.6,224.1,232.2,70.2,149.1
2013-12,146.6,181.5,205.1,190.3,230.2,124.5,54.6,93.1,124.3,246.9,202,176.2,181.1,167.5,133.3,107.9,297.3,112.1,125,159.5,176.2,364.7,33.7,280.3,222.2,175.3,79.9,220.1,231.6,71.5,149.1
2014-03,145.1,180.4,199.6,192,230,127.3,55.4,92,123.5,246.8,198.4,175.3,182.5,164.7,133.2,107.3,292.2,110.3,124.7,158.4,176.5,370.5,33.7,279.6,222.7,173.8,80.2,215.8,236.7,70.9,148.9
2014-06,145.5,182.3,200.1,192.4,231.5,128.3,57.5,91.8,123.7,244.3,197.2,175.5,184.6,162.5,134,107,293.7,110.7,124.7,156.7,176.7,372.8,34,280.9,223.3,172.8,81.5,212.2,235,71.7,148.6
2014-09,145.4,184.4,201.7,194.1,229.7,133.1,58.5,91.1,122.6,248.7,194.7,176,185.8,161.3,133.4,105.6,292,112.2,124.3,157,178.8,379.1,34.3,281.2,224.9,172.7,82,210,232.2,73.5,147.7
2014-12,141.9,186.8,205.4,194.1,229.9,136.3,60.5,90.9,118.2,247.5,189.8,182.5,186.8,160,132.3,104.7,300.1,110.1,123,157.8,179.6,382.1,35.2,287.1,227.9,173.5,82.7,208.2,233,74.5,147.9
2015-03,143.9,191.1,214.4,200.4,229.4,136.4,62,89.6,118.9,247.5,189.2,187.2,189.5,160.4,131.9,99.6,400.6,110.1,123.1,156.6,179.6,388.7,35.5,292.1,233.9,174.3,83.5,205.3,236.2,77.1,147.2
2015-06,142.1,193.7,205.4,202.7,228.5,136.7,64.3,88.1,118.8,244.4,184.9,190.7,189.8,157,130.7,100,365,107.9,122.3,154.1,179.6,384.6,36.2,289.9,238.2,174.6,84.3,202.1,234.1,79.4,147.9
2015-09,142,196.2,211.5,206.5,229.9,145.6,66.4,87.3,118.7,246.4,181.2,193.3,190.3,157.5,129.4,95.9,335.7,108.5,121.3,153.5,180.7,385.5,37.8,287.2,243.1,175.3,84.7,199.3,233.4,81.9,148.1
2015-12,141.7,197.3,207.2,209.3,234,145.5,68,86.7,117.8,245.3,177.8,189.4,192.5,157.8,129.2,94.8,322.2,109.1,119,153.8,180.9,387.6,38.3,284.7,248.2,175.2,83.6,196.7,237.2,79.5,148
2016-03,141.4,198.8,223.9,208.4,239.7,143.5,66.9,85.8,118.3,244.8,174.1,186.1,194.8,158.4,129.1,93.7,322.3,108.7,117.5,152.6,180.7,373.7,39.3,283.3,249.4,175.8,84.1,192.7,232.4,78.4,148.6
2016-06,141,200.1,228.6,212.1,239.2,142.6,66.1,86.4,118.1,245.5,174,184.4,197.2,161.8,128.4,94.4,322.3,110.2,117.7,153,181.1,372.8,40.4,282.5,252.7,176,85.1,190.3,233.4,79.2,149.2
2016-09,142.2,200.1,227.6,214.4,241.2,142.5,65.4,87.4,118.3,247.1,171.1,182,198.2,164,126.9,89.8,304.1,110.1,116.9,154.3,181.3,370.8,41.1,288.8,254.6,177.3,84.5,187.7,235.9,80.4,150.2
2016-12,142,198.8,227.9,213.8,241,142.8,64.1,87.9,117.7,242.7,169.1,179.5,199.4,163.3,126.8,89.8,304.6,110.3,114.9,155.5,181.7,376.5,41.5,284.5,254.5,177.1,87,184.3,236.9,84.6,149.7
2017-03,142.9,195.4,222.6,214.6,243.1,142.6,63.4,88.5,118.7,239.9,168.2,181.3,200.5,163.8,125.8,88,300.6,109.5,114.7,156.3,181.1,378.5,39.9,284.6,250.3,176.5,85.5,183.5,241.7,84.7,149.9
2017-06,141.9,195.1,219.6,214.3,247.6,142.4,63.5,88.2,118.3,237,166.4,183.1,200.7,162.3,124,86.7,287.3,109.8,113.7,155.6,182.5,373.3,39.3,281,248.1,176,84.5,181.1,241.3,84.6,150.6
2017-09,141.7,193.6,215.1,213.7,248.9,139.9,62.7,88.1,118.1,235.7,163.2,185.5,200.4,163,121.7,85.8,278.5,111.2,112,155.7,182.2,370.3,40,279.6,244.4,174.9,83.5,178.7,240,83.2,150.6
2017-12,141.5,194.1,215.8,213.6,250.9,137.6,62.3,88.4,117.7,234.5,159.8,186.8,200.7,163.7,120.5,83.7,268.1,109.8,112.1,156.1,181.9,370.9,41.4,273.8,242.1,174,82.2,176.7,242.1,84.1,151.3
2018-03,142.3,194.8,212.4,213.8,257.2,136.6,61.9,88.5,118.6,234.5,158.1,186.6,202.2,161.3,119.7,82.8,259,111.2,111.1,155.6,182.9,375.9,40.4,273.4,240.9,173.2,82.8,173.7,243.1,84.2,150.4
2018-06,141.7,194.2,213.1,215.9,250.9,137.9,61.8,89.9,119.6,235.7,158.4,187.6,204,160.6,118.8,85.5,260.1,111.3,111.2,156,184.2,376.6,41.4,269.3,238.5,172.9,82.9,170.5,242.4,86.6,151.1
2018-09,141.7,194.3,209.7,215.1,248.6,139.9,61.3,90.8,120.6,235.3,156.7,187.6,205.5,159.1,118.8,83.7,257.7,110.8,110.8,157.5,186.1,378.6,40.4,266.7,234.6,172.4,82.3,169.2,243.4,93.5,150.6
2018-12,141.9,193.8,210.8,216.2,244,143.5,62,91.5,120,235.2,154,185.9,206.5,158.5,119.4,82.3,264.7,110,110.4,159.4,187.4,382,40.7,263.8,231.7,172.7,81.5,167.1,241.2,82.5,150.7
2019-03,142.5,193.2,210.9,217,247.9,143.4,61.2,90,121,239.1,154.2,186.8,208.4,156.1,114.8,82.1,263.4,109.9,109.6,160.4,188.7,390.5,40.8,260.4,231.8,171.8,80.8,165.7,247.3,83.4,150.6
2019-06,143.5,192.2,210.4,219.3,252.3,146.7,61.2,88.8,122,241.8,153,185.4,210.6,157.4,112.7,82.9,258.3,110,109.7,161.1,191.4,393.9,40.9,257.2,236.8,172.3,79.8,164.6,249,81.8,150.8
2019-09,141.4,190.9,212.7,221,258.9,151.9,61.4,87.9,122.2,245.3,152.2,185.3,212.7,158.7,110.8,82.1,254.4,108.6,109.8,162.5,194,398.5,40.9,254.8,242.3,171.7,80.2,163.2,249.7,79.1,150.9
2019-12,141.5,189.7,211.9,220.1,265.4,154,60.6,86.1,121.9,247.3,149.7,183.7,213.1,157,110.8,82.5,235.2,109.4,109.4,164.3,196.2,395.5,40,249.9,245.9,170.6,78.8,160.9,250,79.6,150.4
2020-03,143.4,192.8,210.9,225.6,265.3,159.9,63.3,86.2,123.1,245.8,150.9,184.4,216.6,160.4,112,86.1,244.8,108,111.1,166,200,393.4,44,251.9,252.7,172.1,80.9,161.7,257.5,83.2,153.5
2020-06,148.9,193.2,215,237.3,272.8,168,67.5,88.1,127.8,250.3,163,188.6,232.2,169.4,116.2,88.1,243.5,108.9,116.9,177.8,205.7,440.3,45.3,257.2,265,174.4,80.9,171.4,262.3,91.5,159.2
2020-09,150.8,193.6,215,242.2,278.2,167.4,69,89.1,129.6,236.6,166.2,189.7,236.7,173,121.8,90.4,224.4,110.8,120,181.2,210.1,423.9,44.8,258.4,272,173.5,80.4,174.1,264.7,94.8,160.3
2020-12,152.2,191.9,222.9,245.7,276,158,70,89.4,131,238,170.2,191.3,240.6,176.6,125,91.9,215.7,112.9,122.3,183.5,212.8,408.9,42.9,253,277.7,174.6,80.7,176.6,265,89.3,161.6
2021-03,156.5,190.9,224.8,242.4,287.9,156.3,69.8,89.9,132.7,238.4,171.8,193.3,239.2,177.5,128.2,96.9,207.6,114.7,121.9,184.6,215,407.8,42.9,255.2,278.6,175.2,80.1,179.5,271.2,89.1,162
2021-06,152.8,186.2,215.7,235.7,285.2,148.4,67.2,87.9,130.1,233.8,168.6,191.8,232.1,172.4,129.7,94.4,197.6,113.7,117.5,182.7,216.6,406.1,40.7,249.4,270.8,170.3,77.6,174.4,266.4,84.3,160.2
2021-09,152.7,184,215.6,233.1,283.1,148.1,65.4,86.9,129.6,232.3,164.7,190.7,230.6,168.4,125.5,97.2,193.2,114.4,115.2,182.7,218.6,412.3,40.6,244.6,261.7,170.6,77.3,172.5,265.8,80.2,158.8
2021-12,152.8,182.1,208.4,230.2,277.3,147.2,64.2,86.7,130.2,229,160.9,188.9,229.3,163.9,121.9,100.6,192.2,114.9,114.9,184.6,219.6,415,40.4,239.9,245.8,170.3,75.9,169.4,271.2,89.3,157.4
2022-03,149.2,179.6,206.1,224.4,279.3,141.1,63.2,85.9,128.8,225,156.2,188.6,227.3,156.5,117.4,101.2,187.8,114.8,112.3,184.4,220.7,397.1,39.8,235.6,225.2,170,73.9,165.2,270.6,85.5,156.3
2022-06,146.9,178.5,204.2,219,279.6,148.8,62.4,84.7,128.1,220.3,152.8,187,225.6,154.1,114.4,103.5,184.4,116.1,110.7,184.9,222.7,381.3,39.6,233.6,212.8,169.7,71.7,160.4,267.6,79.1,155.5
2022-09,144.8,176,203.3,217.1,277.5,151.1,61.3,85.8,129.2,219.6,149.8,185.4,225.4,153.4,110.4,107.1,183.4,114.5,109.7,185.9,225.2,386.2,39.2,235.1,198.2,167.4,71,157.1,268.3,71.3,154
2022-12,141,172.5,195.9,216.5,270.6,145.4,61.1,83.3,128,218.3,144.5,186.9,224.3,151,100.7,101.2,172.8,113.4,108.5,187.2,225.6,383.4,38.7,224.7,192.5,165.6,67.2,152.7,268.1,66.3,153.1
2023-03,136.5,170.6,193.4,216.8,273.4,137.9,59.5,80.6,126.5,214.7,138.8,182.6,219.9,150.1,98.3,97,161.8,112.9,106,185.4,224.5,382.8,37.7,214.9,198,162.8,65.1,147.6,243.1,63.3,151.5
2023-06,134.2,171.1,190.6,218.7,273,137.5,59.2,79.1,125.4,208.4,134.8,182.7,217.3,146.6,96.6,93.8,159.2,112.8,105.2,183.7,225.6,377.3,37.2,211,204.8,160.8,62.8,143.7,244.2,67.5,150.2
